{
  "type": "minecraft:command",
  "pools": [
    {
      "rolls": 1,
      "entries": [
        {
          "type": "minecraft:item",
          "name": "minecraft:warped_fungus_on_a_stick",
          "functions": [
            {
              "function": "minecraft:set_name",
              "entity": "this",
              "name": {
                "text": "",
                "color": "white",
                "italic": false
              }
            },
            {
              "function": "minecraft:set_count",
              "count": 1
            },
            {
              "function": "minecraft:set_custom_data",
              "tag": "{RockPaperScissorItem:1b,RockPaperScissor_Menu:1b}"
            },
            {
              "function": "minecraft:set_components",
              "components": {
                "minecraft:item_model": "rps:icon_menu"
              }
            }
          ]
        }
      ]
    }
  ]
}
