{
  "condition": "minecraft:any_of",
  "terms": [
    {
      "condition": "minecraft:entity_properties",
      "entity": "this",
      "predicate": {
        "targeted_entity": {
          "type": "minecraft:player"
        }
      }
    },
    {
      "condition": "minecraft:entity_properties",
      "entity": "this",
      "predicate": {
        "targeted_entity": {
          "type": "minecraft:villager"
        }
      }
    },
    {
      "condition": "minecraft:entity_properties",
      "entity": "this",
      "predicate": {
        "targeted_entity": {
          "type": "minecraft:iron_golem"
        }
      }
    },
    {
      "condition": "minecraft:entity_properties",
      "entity": "this",
      "predicate": {
        "targeted_entity": {
          "type": "minecraft:wandering_trader"
        }
      }
    },
    {
      "condition": "minecraft:entity_properties",
      "entity": "this",
      "predicate": {
        "targeted_entity": {
          "type": "minecraft:snow_golem"
        }
      }
    }
  ]
}