{
  "condition": "minecraft:any_of",
  "terms": [
    {
      "condition": "minecraft:inverted",
      "term": {
        "condition": "minecraft:entity_scores",
        "entity": "this",
        "scores": {
          "mcm.pos_x": {
            "min": {
              "type": "minecraft:score",
              "target": "this",
              "score": "mcm.pos_dx"
            },
            "max": {
              "type": "minecraft:score",
              "target": "this",
              "score": "mcm.pos_dx"
            }
          }
        }
      }
    },
    {
      "condition": "minecraft:inverted",
      "term": {
        "condition": "minecraft:entity_scores",
        "entity": "this",
        "scores": {
          "mcm.pos_z": {
            "min": {
              "type": "minecraft:score",
              "target": "this",
              "score": "mcm.pos_dz"
            },
            "max": {
              "type": "minecraft:score",
              "target": "this",
              "score": "mcm.pos_dz"
            }
          }
        }
      }
    }
  ]
}