{
	"textures": {
		"0": "block_enchantments:custom/crafting_table/laser",
		"particle": "minecraft:item/pufferfish"
	},
	"display": {
		"head": {
			"rotation": [0, 180, 0]
		}
	},
	"elements": [
		{
			"from": [8.1459, 8.1459, 8.1459],
			"to": [7.8541, 7.8541, -15.8541],
			"rotation": {
				"angle": 0,
				"axis": "y",
				"origin": [8, 7.92705, 8]
			},
			"faces": {
				"north": {
					"uv": [4, 2, 5, 1],
					"texture": "#0"
				},
				"east": {
					"uv": [4, 2, 5, 1],
					"texture": "#0"
				},
				"south": {
					"uv": [4, 2, 5, 1],
					"texture": "#0"
				},
				"west": {
					"uv": [4, 2, 5, 1],
					"texture": "#0"
				},
				"up": {
					"uv": [5, 1, 4, 2],
					"texture": "#0"
				},
				"down": {
					"uv": [5, 1, 4, 2],
					"texture": "#0"
				}
			}
		}
	]
}