{
	"textures": {
		"0": "block_enchantments:custom/crafting_table/laser",
		"particle": "minecraft:item/pufferfish"
	},
	"display": {
		"head": {
			"rotation": [0, 180, 0]
		}
	},
	"elements": [
		{
			"from": [8.26891, 8.20168, 8.26891],
			"to": [7.73109, 7.66387, -15.73109],
			"rotation": {
				"angle": 0,
				"axis": "y",
				"origin": [8, 7.93277, 8]
			},
			"faces": {
				"north": {
					"uv": [7, 2, 8, 1],
					"texture": "#0"
				},
				"east": {
					"uv": [7, 2, 8, 1],
					"texture": "#0"
				},
				"south": {
					"uv": [7, 2, 8, 1],
					"texture": "#0"
				},
				"west": {
					"uv": [7, 2, 8, 1],
					"texture": "#0"
				},
				"up": {
					"uv": [8, 1, 7, 2],
					"texture": "#0"
				},
				"down": {
					"uv": [8, 1, 7, 2],
					"texture": "#0"
				}
			}
		}
	]
}