{
	"textures": {
		"0": "block_enchantments:custom/crafting_table/laser",
		"particle": "minecraft:item/pufferfish"
	},
	"display": {
		"head": {
			"rotation": [0, 180, 0]
		}
	},
	"elements": [
		{
			"from": [7.96053, 7.96053, -14.26316],
			"to": [8.03947, 8.03947, 8],
			"rotation": {
				"angle": 0,
				"axis": "y",
				"origin": [8, 7.92105, 8]
			},
			"faces": {
				"north": {
					"uv": [1, 4, 2, 5],
					"texture": "#0"
				},
				"east": {
					"uv": [1, 4, 2, 5],
					"texture": "#0"
				},
				"south": {
					"uv": [1, 4, 2, 5],
					"texture": "#0"
				},
				"west": {
					"uv": [1, 4, 2, 5],
					"texture": "#0"
				},
				"up": {
					"uv": [1, 4, 2, 5],
					"texture": "#0"
				},
				"down": {
					"uv": [1, 4, 2, 5],
					"texture": "#0"
				}
			}
		},
		{
			"from": [7.98421, 7.98421, -15.92105],
			"to": [8.01579, 8.01579, -14.26316],
			"rotation": {
				"angle": 0,
				"axis": "y",
				"origin": [8, 7.92105, -14.26316]
			},
			"faces": {
				"north": {
					"uv": [1, 4, 2, 5],
					"texture": "#0"
				},
				"east": {
					"uv": [1, 4, 2, 5],
					"texture": "#0"
				},
				"south": {
					"uv": [1, 4, 2, 5],
					"texture": "#0"
				},
				"west": {
					"uv": [1, 4, 2, 5],
					"texture": "#0"
				},
				"up": {
					"uv": [1, 4, 2, 5],
					"texture": "#0"
				},
				"down": {
					"uv": [1, 4, 2, 5],
					"texture": "#0"
				}
			}
		},
		{
			"from": [8.07895, 8.07895, 8.07895],
			"to": [7.92105, 7.92105, -5.65789],
			"rotation": {
				"angle": 0,
				"axis": "y",
				"origin": [8, 7.92105, 8]
			},
			"faces": {
				"north": {
					"uv": [1, 2, 2, 1],
					"texture": "#0"
				},
				"east": {
					"uv": [1, 2, 2, 1],
					"texture": "#0"
				},
				"south": {
					"uv": [1, 2, 2, 1],
					"texture": "#0"
				},
				"west": {
					"uv": [1, 2, 2, 1],
					"texture": "#0"
				},
				"up": {
					"uv": [2, 1, 1, 2],
					"texture": "#0"
				},
				"down": {
					"uv": [2, 1, 1, 2],
					"texture": "#0"
				}
			}
		}
	]
}