{
  "type": "minecraft:command",
  "pools": [
    {
      "rolls": 1,
      "entries": [
        {
          "type": "minecraft:item",
          "name": "minecraft:polar_bear_spawn_egg",
          "functions": [
            {
              "function": "minecraft:set_name",
              "entity": "this",
              "name": {
                "text": "Piston",
                "color": "aqua",
                "italic": false
              }
            },
            {
              "function": "minecraft:set_count",
              "count": 1
            },
            {
              "function": "minecraft:set_lore",
              "entity": "this",
              "lore": [
                {
                  "text": "Infinity V",
                  "color": "gray",
                  "italic": false
                },
                {
                  "text": "Max length: Infinite",
                  "color": "blue",
                  "italic": false
                }
              ],
              "mode": "replace_all"
            },
            {
              "function": "minecraft:set_components",
              "components": {
                "minecraft:entity_data": {
                  "id": "minecraft:marker",
                  "Tags": [
                    "mcm.sp",
                    "mcm.sp.be.piston",
                    "mcm.sp.be.piston.normal",
                    "mcm.sp.be.piston.infinity",
                    "mcm.sp.be.piston.infinity.v"
                  ]
                },
                "minecraft:item_model": "block_enchantments:piston/piston",
                "minecraft:enchantment_glint_override": true
              }
            }
          ]
        }
      ]
    }
  ]
}