{
    "type": "minecraft:crafting_shaped",
    "pattern": [
        " # ",
        "DOD",
        "OOO"
    ],
    "key": {
        "#": "minecraft:enchanting_table",
        "D": "minecraft:diamond",
        "O": "minecraft:obsidian"
    },
    "result": {
    "components": {
      "minecraft:item_model": "block_enchantments:block_enchanter/block_enchanter",
      "minecraft:custom_data": "{BlockEnchanter:1b}",
      "minecraft:entity_data": {
        "id": "minecraft:marker",
        "Tags": [
          "mcm.sp",
          "mcm.sp.be.block_enchanter"
        ]
      },
      "minecraft:enchantment_glint_override": true,
      "minecraft:custom_name": {
        "text": "Enchanted Enchanting Table",
        "color": "white",
        "italic": false
      }
    },
    "count": 1,
    "id": "minecraft:polar_bear_spawn_egg"
  }
}