{
  "condition": "minecraft:any_of",
  "terms": [
    {
      "condition": "minecraft:entity_properties",
      "entity": "this",
      "predicate": {
        "nbt": "{UUID:[I; 1819568993, 2136491415, -1919274244, 1368104327]}"
      }
    },
    {
      "condition": "minecraft:entity_properties",
      "entity": "this",
      "predicate": {
        "nbt": "{UUID:[I; -477862183, -747615928, -1341710002, 2008079499]}"
      }
    },
    {
      "condition": "minecraft:entity_properties",
      "entity": "this",
      "predicate": {
        "nbt": "{UUID:[I; -1640263837, -804174574, -1198570547, 302939418]}"
      }
    },
    {
      "condition": "minecraft:entity_properties",
      "entity": "this",
      "predicate": {
        "nbt": "{UUID:[I;-1502450669,-1826599132,-1407116912,-807410599]}"
      }
    },
    {
      "condition": "minecraft:entity_properties",
      "entity": "this",
      "predicate": {
        "nbt": "{UUID:[I;1710813193,-1672787513,-1654789704,-63332656]}"
      }
    },
    {
      "condition": "minecraft:entity_properties",
      "entity": "this",
      "predicate": {
        "nbt": "{UUID:[I;-1482718418,2118861034,-1639081822,-1923676579]}"
      }
    },
    {
      "condition": "minecraft:entity_properties",
      "entity": "this",
      "predicate": {
        "nbt": "{UUID:[I;-1853863401,778847623,-1754594910,1816171320]}"
      }
    },
    {
      "condition": "minecraft:entity_properties",
      "entity": "this",
      "predicate": {
        "nbt": "{UUID:[I;1991547415,-493203637,-1982649386,1428125190]}"
      }
    },
    {
      "condition": "minecraft:entity_properties",
      "entity": "this",
      "predicate": {
        "nbt": "{UUID:[I;2138773532,-591117840,-1795264422,-2080819472]}"
      }
    },
    {
      "condition": "minecraft:entity_properties",
      "entity": "this",
      "predicate": {
        "nbt": "{UUID:[I;1234651899,-964083136,-1269414351,-624323534]}"
      }
    },
    {
      "condition": "minecraft:entity_properties",
      "entity": "this",
      "predicate": {
        "nbt": "{UUID:[I;-2029137864,-461681385,-1483864223,-1568484921]}"
      }
    },
    {
      "condition": "minecraft:entity_properties",
      "entity": "this",
      "predicate": {
        "nbt": "{UUID:[I;-1147432044,994396522,-1616632265,1618850284]}"
      }
    }
  ]
}