{
	"credit": "Made with Blockbench",
	"textures": {
		"2": "bending_piston:custom/piston_extension",
		"3": "bending_piston:custom/piston_side",
		"particle": "bending_piston:custom/piston_top"
	},
	"elements": [
		{
			"from": [0, 0, 0],
			"to": [16, 16, 4],
			"rotation": {"angle": 0, "axis": "y", "origin": [8, 8, 8]},
			"faces": {
				"north": {"uv": [0, 0, 16, 16], "rotation": 90, "texture": "#particle"},
				"east": {"uv": [0, 0, 16, 4], "rotation": 90, "texture": "#3"},
				"south": {"uv": [0, 0, 16, 16], "rotation": 270, "texture": "#particle"},
				"west": {"uv": [0, 0, 16, 4], "rotation": 270, "texture": "#3"},
				"up": {"uv": [0, 0, 16, 4], "texture": "#3"},
				"down": {"uv": [0, 4, 16, 0], "texture": "#3"}
			}
		},
		{
			"from": [6, 0, 6],
			"to": [10, 3.25, 10],
			"rotation": {"angle": 0, "axis": "y", "origin": [8, 8, 4]},
			"faces": {
				"north": {"uv": [13, 4, 16, 0], "rotation": 90, "texture": "#2"},
				"east": {"uv": [16, 0, 13, 4], "rotation": 270, "texture": "#2"},
				"south": {"uv": [16, 0, 13, 4], "rotation": 270, "texture": "#2"},
				"west": {"uv": [13, 4, 16, 0], "rotation": 90, "texture": "#2"},
				"up": {"uv": [0, 4, 4, 8], "rotation": 180, "texture": "#2"},
				"down": {"uv": [0, 4, 4, 8], "texture": "#2"}
			}
		},
		{
			"from": [6.025, 1.87567, 3.09077],
			"to": [9.975, 5.87567, 7.09077],
			"rotation": {"angle": -22.5, "axis": "x", "origin": [8, 9.87567, 5.09077]},
			"faces": {
				"north": {"uv": [12, 0, 8, 4], "rotation": 270, "texture": "#2"},
				"east": {"uv": [12, 0, 8, 4], "rotation": 270, "texture": "#2"},
				"south": {"uv": [8, 4, 12, 0], "rotation": 90, "texture": "#2"},
				"west": {"uv": [10, 4, 14, 0], "rotation": 90, "texture": "#2"},
				"up": {"uv": [0, 4, 4, 8], "rotation": 90, "texture": "#2"},
				"down": {"uv": [0, 4, 4, 8], "rotation": 90, "texture": "#2"}
			}
		},
		{
			"from": [6, 5.99653, 0.00347],
			"to": [10, 9.99653, 3.25347],
			"rotation": {"angle": 0, "axis": "y", "origin": [7.975, 5.99653, 6.25347]},
			"faces": {
				"east": {"uv": [0, 4, 3, 0], "rotation": 180, "texture": "#2"},
				"south": {"uv": [0, 4, 4, 8], "rotation": 270, "texture": "#2"},
				"west": {"uv": [3, 0, 0, 4], "rotation": 180, "texture": "#2"},
				"up": {"uv": [3, 0, 0, 4], "rotation": 270, "texture": "#2"},
				"down": {"uv": [0, 4, 3, 0], "rotation": 270, "texture": "#2"}
			}
		},
		{
			"from": [6.025, 5.93788, 2.04833],
			"to": [9.975, 9.93788, 6.04833],
			"rotation": {"angle": 22.5, "axis": "x", "origin": [8, 6.93788, 2.79833]},
			"faces": {
				"north": {"uv": [0, 4, 4, 8], "rotation": 90, "texture": "#2"},
				"east": {"uv": [2, 4, 6, 0], "rotation": 180, "texture": "#2"},
				"south": {"uv": [0, 4, 4, 8], "rotation": 270, "texture": "#2"},
				"west": {"uv": [6, 0, 2, 4], "rotation": 180, "texture": "#2"},
				"up": {"uv": [6, 0, 2, 4], "rotation": 270, "texture": "#2"},
				"down": {"uv": [2, 4, 6, 0], "rotation": 270, "texture": "#2"}
			}
		},
		{
			"from": [6, 2.65678, 0.97153],
			"to": [10, 4.80678, 5.29653],
			"rotation": {"angle": -45, "axis": "x", "origin": [7.975, 8.63098, 1.70594]},
			"faces": {
				"north": {"uv": [6, 4, 8, 0], "rotation": 90, "texture": "#2"},
				"east": {"uv": [6, 4, 8, 0], "rotation": 90, "texture": "#2"},
				"south": {"uv": [8, 0, 6, 4], "rotation": 270, "texture": "#2"},
				"west": {"uv": [8, 0, 6, 4], "rotation": 270, "texture": "#2"},
				"up": {"uv": [0, 4, 4, 8], "rotation": 270, "texture": "#2"},
				"down": {"uv": [0, 4, 4, 8], "rotation": 270, "texture": "#2"}
			}
		}
	],
	"display": {
		"head": {
			"rotation": [90, -180, 90],
			"translation": [0, -30.425, 0],
			"scale": [1.6, 1.6, 1.6]
		}
	}
}