{
	"credit": "Made with Blockbench",
	"textures": {
		"2": "bending_piston:custom/piston_extension",
		"particle": "bending_piston:custom/piston_top"
	},
	"elements": [
		{
			"from": [6, 6, 0],
			"to": [10, 10, 3.25],
			"rotation": {"angle": 0, "axis": "z", "origin": [8, 8, 0]},
			"faces": {
				"north": {"uv": [0, 4, 4, 8], "rotation": 180, "texture": "#2"},
				"east": {"uv": [16, 0, 13, 4], "rotation": 180, "texture": "#2"},
				"south": {"uv": [0, 4, 4, 8], "rotation": 180, "texture": "#2"},
				"west": {"uv": [13, 4, 16, 0], "rotation": 180, "texture": "#2"},
				"up": {"uv": [13, 4, 16, 0], "rotation": 270, "texture": "#2"},
				"down": {"uv": [16, 0, 13, 4], "rotation": 270, "texture": "#2"}
			}
		},
		{
			"from": [7.09148, 6.025, 2.23724],
			"to": [11.09148, 9.975, 6.23724],
			"rotation": {"angle": -22.5, "axis": "y", "origin": [8, 8, 0]},
			"faces": {
				"north": {"uv": [0, 4, 4, 8], "rotation": 180, "texture": "#2"},
				"east": {"uv": [12, 0, 8, 4], "rotation": 180, "texture": "#2"},
				"south": {"uv": [0, 4, 4, 8], "rotation": 180, "texture": "#2"},
				"west": {"uv": [8, 4, 12, 0], "rotation": 180, "texture": "#2"},
				"up": {"uv": [10, 4, 14, 0], "rotation": 270, "texture": "#2"},
				"down": {"uv": [12, 0, 8, 4], "rotation": 270, "texture": "#2"}
			}
		},
		{
			"from": [0, 6, 6],
			"to": [3.25, 10, 10],
			"rotation": {"angle": 0, "axis": "y", "origin": [8, 8, 0]},
			"faces": {
				"north": {"uv": [0, 4, 3, 0], "rotation": 180, "texture": "#2"},
				"east": {"uv": [0, 4, 4, 8], "rotation": 180, "texture": "#2"},
				"south": {"uv": [3, 0, 0, 4], "rotation": 180, "texture": "#2"},
				"west": {"uv": [0, 4, 4, 8], "rotation": 180, "texture": "#2"},
				"up": {"uv": [0, 4, 3, 0], "texture": "#2"},
				"down": {"uv": [3, 0, 0, 4], "rotation": 180, "texture": "#2"}
			}
		},
		{
			"from": [-0.21526, 6.025, 3.42105],
			"to": [3.78474, 9.975, 7.42105],
			"rotation": {"angle": 22.5, "axis": "y", "origin": [8, 8, 0]},
			"faces": {
				"north": {"uv": [2, 4, 6, 0], "rotation": 180, "texture": "#2"},
				"east": {"uv": [0, 4, 4, 8], "rotation": 180, "texture": "#2"},
				"south": {"uv": [6, 0, 2, 4], "rotation": 180, "texture": "#2"},
				"west": {"uv": [0, 4, 4, 8], "rotation": 180, "texture": "#2"},
				"up": {"uv": [2, 4, 6, 0], "texture": "#2"},
				"down": {"uv": [6, 0, 2, 4], "rotation": 180, "texture": "#2"}
			}
		},
		{
			"from": [8.91805, 6, 4.58431],
			"to": [13.24305, 10, 6.73431],
			"rotation": {"angle": -45, "axis": "y", "origin": [8, 8, 0]},
			"faces": {
				"north": {"uv": [0, 4, 4, 8], "rotation": 180, "texture": "#2"},
				"east": {"uv": [8, 0, 6, 4], "rotation": 180, "texture": "#2"},
				"south": {"uv": [0, 4, 4, 8], "rotation": 180, "texture": "#2"},
				"west": {"uv": [6, 4, 8, 0], "rotation": 180, "texture": "#2"},
				"up": {"uv": [6, 4, 8, 0], "rotation": 270, "texture": "#2"},
				"down": {"uv": [8, 0, 6, 4], "rotation": 270, "texture": "#2"}
			}
		}
	],
	"display": {
		"head": {
			"rotation": [-180, 0, 0],
			"translation": [0, -30.425, 0],
			"scale": [1.6, 1.6, 1.6]
		}
	}
}