{
	"credit": "Made with Blockbench",
	"textures": {
		"2": "bending_piston:custom/piston_extension",
		"particle": "bending_piston:custom/piston_top"
	},
	"elements": [
		{
			"from": [6, 6, 0],
			"to": [10, 10, 3.25],
			"rotation": {"angle": 0, "axis": "z", "origin": [8, 8, 10]},
			"faces": {
				"north": {"uv": [0, 4, 4, 8], "rotation": 90, "texture": "#2"},
				"east": {"uv": [13, 4, 16, 0], "texture": "#2"},
				"south": {"uv": [0, 4, 4, 8], "rotation": 270, "texture": "#2"},
				"west": {"uv": [16, 0, 13, 4], "texture": "#2"},
				"up": {"uv": [13, 4, 16, 0], "rotation": 270, "texture": "#2"},
				"down": {"uv": [16, 0, 13, 4], "rotation": 270, "texture": "#2"}
			}
		},
		{
			"from": [6.025, 8.78425, 4.17139],
			"to": [9.975, 12.78425, 8.17139],
			"rotation": {"angle": 22.5, "axis": "x", "origin": [8.05, 8.1706, 8.9996]},
			"faces": {
				"north": {"uv": [8, 4, 12, 0], "rotation": 90, "texture": "#2"},
				"east": {"uv": [10, 4, 14, 0], "rotation": 90, "texture": "#2"},
				"south": {"uv": [12, 0, 8, 4], "rotation": 270, "texture": "#2"},
				"west": {"uv": [12, 0, 8, 4], "rotation": 270, "texture": "#2"},
				"up": {"uv": [0, 4, 4, 8], "rotation": 270, "texture": "#2"},
				"down": {"uv": [0, 4, 4, 8], "rotation": 270, "texture": "#2"}
			}
		},
		{
			"from": [6, 12.75, 6],
			"to": [10, 16, 10],
			"rotation": {"angle": 0, "axis": "z", "origin": [8, 8, 10]},
			"faces": {
				"north": {"uv": [0, 4, 3, 0], "rotation": 90, "texture": "#2"},
				"east": {"uv": [0, 4, 3, 0], "rotation": 90, "texture": "#2"},
				"south": {"uv": [3, 0, 0, 4], "rotation": 270, "texture": "#2"},
				"west": {"uv": [3, 0, 0, 4], "rotation": 270, "texture": "#2"},
				"up": {"uv": [0, 4, 4, 8], "rotation": 270, "texture": "#2"},
				"down": {"uv": [0, 4, 4, 8], "rotation": 270, "texture": "#2"}
			}
		},
		{
			"from": [6.025, 5.98972, 3.97519],
			"to": [9.975, 9.98972, 7.97519],
			"rotation": {"angle": -22.5, "axis": "x", "origin": [8, 4.17198, 3.58676]},
			"faces": {
				"north": {"uv": [0, 4, 4, 8], "rotation": 90, "texture": "#2"},
				"east": {"uv": [2, 4, 6, 0], "texture": "#2"},
				"south": {"uv": [0, 4, 4, 8], "rotation": 270, "texture": "#2"},
				"west": {"uv": [6, 0, 2, 4], "texture": "#2"},
				"up": {"uv": [2, 4, 6, 0], "rotation": 270, "texture": "#2"},
				"down": {"uv": [6, 0, 2, 4], "rotation": 270, "texture": "#2"}
			}
		},
		{
			"from": [6, 9.82802, 7.51324],
			"to": [10, 14.15302, 9.66324],
			"rotation": {"angle": -45, "axis": "x", "origin": [8, 8, 10]},
			"faces": {
				"north": {"uv": [0, 4, 4, 8], "rotation": 90, "texture": "#2"},
				"east": {"uv": [6, 4, 8, 0], "texture": "#2"},
				"south": {"uv": [0, 4, 4, 8], "rotation": 270, "texture": "#2"},
				"west": {"uv": [8, 0, 6, 4], "texture": "#2"},
				"up": {"uv": [6, 4, 8, 0], "rotation": 270, "texture": "#2"},
				"down": {"uv": [8, 0, 6, 4], "rotation": 270, "texture": "#2"}
			}
		}
	],
	"display": {
		"head": {
			"rotation": [0, -180, 90],
			"translation": [0, -30.425, 0],
			"scale": [1.6, 1.6, 1.6]
		}
	}
}