{
	"credit": "Made with Blockbench",
	"textures": {
		"2": "bending_piston:custom/piston_extension",
		"particle": "bending_piston:custom/piston_top"
	},
	"elements": [
		{
			"from": [6, 6, 0],
			"to": [10, 10, 16],
			"faces": {
				"north": {"uv": [0, 4, 4, 8], "texture": "#2"},
				"east": {"uv": [0, 4, 16, 0], "texture": "#2"},
				"south": {"uv": [0, 4, 4, 8], "texture": "#2"},
				"west": {"uv": [16, 0, 0, 4], "texture": "#2"},
				"up": {"uv": [16, 0, 0, 4], "rotation": 90, "texture": "#2"},
				"down": {"uv": [0, 4, 16, 0], "rotation": 90, "texture": "#2"}
			}
		}
	],
	"display": {
		"head": {
			"rotation": [0, -180, 0],
			"translation": [0, -30.425, 0],
			"scale": [1.6, 1.6, 1.6]
		}
	}
}