{
	"credit": "Made with Blockbench",
	"textures": {
		"2": "bending_piston:custom/piston_extension",
		"3": "bending_piston:custom/piston_side",
		"particle": "bending_piston:custom/piston_top_sticky"
	},
	"elements": [
		{
			"from": [0, 0, 0],
			"to": [4, 16, 16],
			"rotation": {"angle": 0, "axis": "y", "origin": [8, 0, 8]},
			"faces": {
				"north": {"uv": [0, 0, 16, 4], "rotation": 90, "texture": "#3"},
				"east": {"uv": [0, 0, 16, 16], "texture": "#particle"},
				"south": {"uv": [0, 4, 16, 0], "rotation": 90, "texture": "#3"},
				"west": {"uv": [0, 0, 16, 16], "texture": "#particle"},
				"up": {"uv": [0, 0, 16, 4], "rotation": 270, "texture": "#3"},
				"down": {"uv": [0, 0, 16, 4], "rotation": 270, "texture": "#3"}
			}
		},
		{
			"from": [6, 6, 0],
			"to": [10, 10, 3.25],
			"rotation": {"angle": 0, "axis": "x", "origin": [8, 8, 8]},
			"faces": {
				"north": {"uv": [0, 4, 4, 8], "rotation": 180, "texture": "#2"},
				"east": {"uv": [16, 0, 13, 4], "rotation": 180, "texture": "#2"},
				"south": {"uv": [0, 4, 4, 8], "rotation": 180, "texture": "#2"},
				"west": {"uv": [13, 4, 16, 0], "rotation": 180, "texture": "#2"},
				"up": {"uv": [13, 4, 16, 0], "rotation": 270, "texture": "#2"},
				"down": {"uv": [16, 0, 13, 4], "rotation": 270, "texture": "#2"}
			}
		},
		{
			"from": [4.18225, 6.025, 2.08084],
			"to": [8.18225, 9.975, 6.08084],
			"rotation": {"angle": -22.5, "axis": "y", "origin": [6.15224, 8, 7.23463]},
			"faces": {
				"north": {"uv": [0, 4, 4, 8], "rotation": 180, "texture": "#2"},
				"east": {"uv": [12, 0, 8, 4], "rotation": 180, "texture": "#2"},
				"south": {"uv": [0, 4, 4, 8], "rotation": 180, "texture": "#2"},
				"west": {"uv": [8, 4, 12, 0], "rotation": 180, "texture": "#2"},
				"up": {"uv": [10, 4, 14, 0], "rotation": 270, "texture": "#2"},
				"down": {"uv": [12, 0, 8, 4], "rotation": 270, "texture": "#2"}
			}
		},
		{
			"from": [0, 6, 6],
			"to": [3.25, 10, 10],
			"rotation": {"angle": 0, "axis": "x", "origin": [8, 8, 8]},
			"faces": {
				"north": {"uv": [0, 4, 3, 0], "rotation": 180, "texture": "#2"},
				"east": {"uv": [0, 4, 4, 8], "rotation": 180, "texture": "#2"},
				"south": {"uv": [3, 0, 0, 4], "rotation": 180, "texture": "#2"},
				"up": {"uv": [0, 4, 3, 0], "texture": "#2"},
				"down": {"uv": [3, 0, 0, 4], "rotation": 180, "texture": "#2"}
			}
		},
		{
			"from": [2.08084, 6.025, 4.18225],
			"to": [6.08084, 9.975, 8.18225],
			"rotation": {"angle": 22.5, "axis": "y", "origin": [7.23463, 8, 6.15224]},
			"faces": {
				"north": {"uv": [2, 4, 6, 0], "rotation": 180, "texture": "#2"},
				"east": {"uv": [0, 4, 4, 8], "rotation": 180, "texture": "#2"},
				"south": {"uv": [6, 0, 2, 4], "rotation": 180, "texture": "#2"},
				"west": {"uv": [0, 4, 4, 8], "rotation": 180, "texture": "#2"},
				"up": {"uv": [2, 4, 6, 0], "texture": "#2"},
				"down": {"uv": [6, 0, 2, 4], "rotation": 180, "texture": "#2"}
			}
		},
		{
			"from": [4.80469, 6, 4.1364],
			"to": [6.95469, 10, 8.4614],
			"rotation": {"angle": 45, "axis": "y", "origin": [5.88215, 8, 5.87521]},
			"faces": {
				"north": {"uv": [6, 4, 8, 0], "rotation": 180, "texture": "#2"},
				"east": {"uv": [0, 4, 4, 8], "rotation": 180, "texture": "#2"},
				"south": {"uv": [8, 0, 6, 4], "rotation": 180, "texture": "#2"},
				"west": {"uv": [0, 4, 4, 8], "rotation": 180, "texture": "#2"},
				"up": {"uv": [6, 4, 8, 0], "texture": "#2"},
				"down": {"uv": [8, 0, 6, 4], "rotation": 180, "texture": "#2"}
			}
		}
	],
	"display": {
		"head": {
			"rotation": [-180, 0, 0],
			"translation": [0, -30.425, 0],
			"scale": [1.6, 1.6, 1.6]
		}
	}
}