{
	"credit": "Made with Blockbench",
	"textures": {
		"2": "bending_piston:custom/piston_extension",
		"3": "bending_piston:custom/piston_side",
		"particle": "bending_piston:custom/piston_top"
	},
	"elements": [
		{
			"from": [0, 0, 0],
			"to": [16, 16, 4],
			"rotation": {"angle": 0, "axis": "y", "origin": [8, 8, 8]},
			"faces": {
				"north": {"uv": [0, 0, 16, 16], "rotation": 90, "texture": "#particle"},
				"east": {"uv": [0, 0, 16, 4], "rotation": 90, "texture": "#3"},
				"south": {"uv": [0, 0, 16, 16], "rotation": 270, "texture": "#particle"},
				"west": {"uv": [0, 0, 16, 4], "rotation": 270, "texture": "#3"},
				"up": {"uv": [0, 0, 16, 4], "texture": "#3"},
				"down": {"uv": [0, 4, 16, 0], "texture": "#3"}
			}
		},
		{
			"from": [6, 12.75, 6],
			"to": [10, 16, 10],
			"rotation": {"angle": 0, "axis": "y", "origin": [8, 8, 8]},
			"faces": {
				"north": {"uv": [13, 4, 16, 0], "rotation": 270, "texture": "#2"},
				"east": {"uv": [16, 0, 13, 4], "rotation": 90, "texture": "#2"},
				"south": {"uv": [16, 0, 13, 4], "rotation": 90, "texture": "#2"},
				"west": {"uv": [13, 4, 16, 0], "rotation": 270, "texture": "#2"},
				"up": {"uv": [0, 4, 4, 8], "rotation": 90, "texture": "#2"},
				"down": {"uv": [0, 4, 4, 8], "rotation": 90, "texture": "#2"}
			}
		},
		{
			"from": [6.025, 9.87347, 4.33103],
			"to": [9.975, 13.87347, 8.33103],
			"rotation": {"angle": 22.5, "axis": "x", "origin": [8, 9.12347, 6.33103]},
			"faces": {
				"north": {"uv": [8, 4, 12, 0], "rotation": 270, "texture": "#2"},
				"east": {"uv": [12, 0, 8, 4], "rotation": 90, "texture": "#2"},
				"south": {"uv": [12, 0, 8, 4], "rotation": 90, "texture": "#2"},
				"west": {"uv": [10, 4, 14, 0], "rotation": 270, "texture": "#2"},
				"up": {"uv": [0, 4, 4, 8], "rotation": 90, "texture": "#2"},
				"down": {"uv": [0, 4, 4, 8], "rotation": 90, "texture": "#2"}
			}
		},
		{
			"from": [6, 6, 0],
			"to": [10, 10, 3.25],
			"rotation": {"angle": 0, "axis": "y", "origin": [8, 8, 8]},
			"faces": {
				"east": {"uv": [3, 0, 0, 4], "texture": "#2"},
				"south": {"uv": [0, 4, 4, 8], "rotation": 90, "texture": "#2"},
				"west": {"uv": [0, 4, 3, 0], "texture": "#2"},
				"up": {"uv": [0, 4, 3, 0], "rotation": 90, "texture": "#2"},
				"down": {"uv": [3, 0, 0, 4], "rotation": 90, "texture": "#2"}
			}
		},
		{
			"from": [6.025, 7.66551, 2.12306],
			"to": [9.975, 11.66551, 6.12306],
			"rotation": {"angle": -22.5, "axis": "x", "origin": [8, 9.66551, 6.87306]},
			"faces": {
				"north": {"uv": [0, 4, 4, 8], "rotation": 270, "texture": "#2"},
				"east": {"uv": [6, 0, 2, 4], "texture": "#2"},
				"south": {"uv": [0, 4, 4, 8], "rotation": 90, "texture": "#2"},
				"west": {"uv": [2, 4, 6, 0], "texture": "#2"},
				"up": {"uv": [2, 4, 6, 0], "rotation": 90, "texture": "#2"},
				"down": {"uv": [6, 0, 2, 4], "rotation": 90, "texture": "#2"}
			}
		},
		{
			"from": [6, 6.89628, 5.0622],
			"to": [10, 11.22128, 7.2122],
			"rotation": {"angle": -45, "axis": "x", "origin": [8, 9.48687, 5.238]},
			"faces": {
				"north": {"uv": [0, 4, 4, 8], "rotation": 270, "texture": "#2"},
				"east": {"uv": [8, 0, 6, 4], "texture": "#2"},
				"south": {"uv": [0, 4, 4, 8], "rotation": 90, "texture": "#2"},
				"west": {"uv": [6, 4, 8, 0], "texture": "#2"},
				"up": {"uv": [6, 4, 8, 0], "rotation": 90, "texture": "#2"},
				"down": {"uv": [8, 0, 6, 4], "rotation": 90, "texture": "#2"}
			}
		}
	],
	"display": {
		"head": {
			"rotation": [-90, -180, -90],
			"translation": [0, -30.425, 0],
			"scale": [1.6, 1.6, 1.6]
		}
	}
}