{
	"credit": "Made with Blockbench",
	"textures": {
		"2": "bending_piston:custom/piston_extension",
		"3": "bending_piston:custom/piston_side",
		"particle": "bending_piston:custom/piston_top_sticky"
	},
	"elements": [
		{
			"from": [0, 12, 0],
			"to": [16, 16, 16],
			"rotation": {"angle": 0, "axis": "z", "origin": [8, 8, 8]},
			"faces": {
				"north": {"uv": [0, 4, 16, 0], "rotation": 180, "texture": "#3"},
				"east": {"uv": [0, 0, 16, 4], "texture": "#3"},
				"south": {"uv": [0, 0, 16, 4], "texture": "#3"},
				"west": {"uv": [0, 0, 16, 4], "texture": "#3"},
				"up": {"uv": [0, 0, 16, 16], "rotation": 270, "texture": "#particle"},
				"down": {"uv": [0, 0, 16, 16], "rotation": 270, "texture": "#particle"}
			}
		},
		{
			"from": [6, 6, 0],
			"to": [10, 10, 3.25],
			"rotation": {"angle": 0, "axis": "z", "origin": [8, 8, 0]},
			"faces": {
				"north": {"uv": [0, 4, 4, 8], "rotation": 90, "texture": "#2"},
				"east": {"uv": [13, 4, 16, 0], "texture": "#2"},
				"south": {"uv": [0, 4, 4, 8], "rotation": 270, "texture": "#2"},
				"west": {"uv": [16, 0, 13, 4], "texture": "#2"},
				"up": {"uv": [13, 4, 16, 0], "rotation": 270, "texture": "#2"},
				"down": {"uv": [16, 0, 13, 4], "rotation": 270, "texture": "#2"}
			}
		},
		{
			"from": [6.025, 4.60404, 2.73202],
			"to": [9.975, 8.60404, 6.73202],
			"rotation": {"angle": -22.5, "axis": "x", "origin": [8, 6.60404, -0.51798]},
			"faces": {
				"north": {"uv": [0, 4, 4, 8], "rotation": 90, "texture": "#2"},
				"east": {"uv": [10, 4, 14, 0], "texture": "#2"},
				"south": {"uv": [0, 4, 4, 8], "rotation": 270, "texture": "#2"},
				"west": {"uv": [12, 0, 8, 4], "texture": "#2"},
				"up": {"uv": [8, 4, 12, 0], "rotation": 270, "texture": "#2"},
				"down": {"uv": [12, 0, 8, 4], "rotation": 270, "texture": "#2"}
			}
		},
		{
			"from": [6, 12.75, 6],
			"to": [10, 16, 10],
			"rotation": {"angle": 0, "axis": "z", "origin": [8, 8, 0]},
			"faces": {
				"north": {"uv": [0, 4, 3, 0], "rotation": 90, "texture": "#2"},
				"east": {"uv": [0, 4, 3, 0], "rotation": 90, "texture": "#2"},
				"south": {"uv": [3, 0, 0, 4], "rotation": 270, "texture": "#2"},
				"west": {"uv": [3, 0, 0, 4], "rotation": 270, "texture": "#2"},
				"down": {"uv": [0, 4, 4, 8], "rotation": 270, "texture": "#2"}
			}
		},
		{
			"from": [6.025, 12.93841, 4.94346],
			"to": [9.975, 16.93841, 8.94346],
			"rotation": {"angle": 22.5, "axis": "x", "origin": [8, 12.18841, -1.05654]},
			"faces": {
				"north": {"uv": [2, 4, 6, 0], "rotation": 90, "texture": "#2"},
				"east": {"uv": [2, 4, 6, 0], "rotation": 90, "texture": "#2"},
				"south": {"uv": [6, 0, 2, 4], "rotation": 270, "texture": "#2"},
				"west": {"uv": [6, 0, 2, 4], "rotation": 270, "texture": "#2"},
				"up": {"uv": [0, 4, 4, 8], "rotation": 270, "texture": "#2"},
				"down": {"uv": [0, 4, 4, 8], "rotation": 270, "texture": "#2"}
			}
		},
		{
			"from": [6, 14.44465, 7.12187],
			"to": [10, 16.59465, 11.44687],
			"rotation": {"angle": 45, "axis": "x", "origin": [8, 16.41885, 0.85628]},
			"faces": {
				"north": {"uv": [6, 4, 8, 0], "rotation": 90, "texture": "#2"},
				"east": {"uv": [6, 4, 8, 0], "rotation": 90, "texture": "#2"},
				"south": {"uv": [8, 0, 6, 4], "rotation": 270, "texture": "#2"},
				"west": {"uv": [8, 0, 6, 4], "rotation": 270, "texture": "#2"},
				"up": {"uv": [0, 4, 4, 8], "rotation": 270, "texture": "#2"},
				"down": {"uv": [0, 4, 4, 8], "rotation": 270, "texture": "#2"}
			}
		}
	],
	"display": {
		"head": {
			"rotation": [0, -180, 90],
			"translation": [0, -30.425, 0],
			"scale": [1.6, 1.6, 1.6]
		}
	}
}