{
	"credit": "Made with Blockbench",
	"textures": {
		"2": "bending_piston:custom/piston_extension",
		"3": "bending_piston:custom/piston_side",
		"particle": "bending_piston:custom/piston_top"
	},
	"elements": [
		{
			"from": [0, 0, 0],
			"to": [16, 4, 16],
			"rotation": {"angle": 0, "axis": "z", "origin": [8, 8, 8]},
			"faces": {
				"north": {"uv": [0, 4, 16, 0], "texture": "#3"},
				"east": {"uv": [0, 0, 16, 4], "rotation": 180, "texture": "#3"},
				"south": {"uv": [0, 0, 16, 4], "rotation": 180, "texture": "#3"},
				"west": {"uv": [0, 0, 16, 4], "rotation": 180, "texture": "#3"},
				"up": {"uv": [0, 0, 16, 16], "rotation": 90, "texture": "#particle"},
				"down": {"uv": [0, 0, 16, 16], "rotation": 90, "texture": "#particle"}
			}
		},
		{
			"from": [6, 6, 0],
			"to": [10, 10, 3.25],
			"rotation": {"angle": 0, "axis": "z", "origin": [8, 8, 0]},
			"faces": {
				"north": {"uv": [0, 4, 4, 8], "rotation": 270, "texture": "#2"},
				"east": {"uv": [16, 0, 13, 4], "rotation": 180, "texture": "#2"},
				"south": {"uv": [0, 4, 4, 8], "rotation": 90, "texture": "#2"},
				"west": {"uv": [13, 4, 16, 0], "rotation": 180, "texture": "#2"},
				"up": {"uv": [16, 0, 13, 4], "rotation": 90, "texture": "#2"},
				"down": {"uv": [13, 4, 16, 0], "rotation": 90, "texture": "#2"}
			}
		},
		{
			"from": [6.025, 7.39596, 2.73202],
			"to": [9.975, 11.39596, 6.73202],
			"rotation": {"angle": 22.5, "axis": "x", "origin": [8, 9.39596, -0.51798]},
			"faces": {
				"north": {"uv": [0, 4, 4, 8], "rotation": 270, "texture": "#2"},
				"east": {"uv": [12, 0, 8, 4], "rotation": 180, "texture": "#2"},
				"south": {"uv": [0, 4, 4, 8], "rotation": 90, "texture": "#2"},
				"west": {"uv": [10, 4, 14, 0], "rotation": 180, "texture": "#2"},
				"up": {"uv": [12, 0, 8, 4], "rotation": 90, "texture": "#2"},
				"down": {"uv": [8, 4, 12, 0], "rotation": 90, "texture": "#2"}
			}
		},
		{
			"from": [6, 0, 6],
			"to": [10, 3.25, 10],
			"rotation": {"angle": 0, "axis": "z", "origin": [8, 8, 0]},
			"faces": {
				"north": {"uv": [0, 4, 3, 0], "rotation": 270, "texture": "#2"},
				"east": {"uv": [3, 0, 0, 4], "rotation": 90, "texture": "#2"},
				"south": {"uv": [3, 0, 0, 4], "rotation": 90, "texture": "#2"},
				"west": {"uv": [0, 4, 3, 0], "rotation": 270, "texture": "#2"},
				"up": {"uv": [0, 4, 4, 8], "rotation": 90, "texture": "#2"}
			}
		},
		{
			"from": [6.025, -0.93841, 4.94346],
			"to": [9.975, 3.06159, 8.94346],
			"rotation": {"angle": -22.5, "axis": "x", "origin": [8, 3.81159, -1.05654]},
			"faces": {
				"north": {"uv": [2, 4, 6, 0], "rotation": 270, "texture": "#2"},
				"east": {"uv": [6, 0, 2, 4], "rotation": 90, "texture": "#2"},
				"south": {"uv": [6, 0, 2, 4], "rotation": 90, "texture": "#2"},
				"west": {"uv": [2, 4, 6, 0], "rotation": 270, "texture": "#2"},
				"up": {"uv": [0, 4, 4, 8], "rotation": 90, "texture": "#2"},
				"down": {"uv": [0, 4, 4, 8], "rotation": 90, "texture": "#2"}
			}
		},
		{
			"from": [6, 5.84674, -1.11792],
			"to": [10, 10.17174, 1.03208],
			"rotation": {"angle": 45, "axis": "x", "origin": [8, -0.41885, 0.85628]},
			"faces": {
				"north": {"uv": [0, 4, 4, 8], "rotation": 270, "texture": "#2"},
				"east": {"uv": [8, 0, 6, 4], "rotation": 180, "texture": "#2"},
				"south": {"uv": [0, 4, 4, 8], "rotation": 90, "texture": "#2"},
				"west": {"uv": [6, 4, 8, 0], "rotation": 180, "texture": "#2"},
				"up": {"uv": [8, 0, 6, 4], "rotation": 90, "texture": "#2"},
				"down": {"uv": [6, 4, 8, 0], "rotation": 90, "texture": "#2"}
			}
		}
	],
	"display": {
		"head": {
			"rotation": [0, -180, -90],
			"translation": [0, -30.425, 0],
			"scale": [1.6, 1.6, 1.6]
		}
	}
}