{
	"credit": "Made with Blockbench",
	"textures": {
		"2": "bending_piston:custom/piston_extension",
		"particle": "bending_piston:custom/piston_top"
	},
	"elements": [
		{
			"from": [6, 6, 0],
			"to": [10, 10, 3.25],
			"rotation": {"angle": 0, "axis": "z", "origin": [8, 8, 0]},
			"faces": {
				"north": {"uv": [0, 4, 4, 8], "rotation": 270, "texture": "#2"},
				"east": {"uv": [16, 0, 13, 4], "rotation": 180, "texture": "#2"},
				"south": {"uv": [0, 4, 4, 8], "rotation": 90, "texture": "#2"},
				"west": {"uv": [13, 4, 16, 0], "rotation": 180, "texture": "#2"},
				"up": {"uv": [16, 0, 13, 4], "rotation": 90, "texture": "#2"},
				"down": {"uv": [13, 4, 16, 0], "rotation": 90, "texture": "#2"}
			}
		},
		{
			"from": [6.025, 6, 3.25],
			"to": [9.975, 10, 7.25],
			"rotation": {"angle": 22.5, "axis": "x", "origin": [6, 10, 3.25]},
			"faces": {
				"north": {"uv": [0, 4, 4, 8], "rotation": 270, "texture": "#2"},
				"east": {"uv": [12, 0, 8, 4], "rotation": 180, "texture": "#2"},
				"south": {"uv": [0, 4, 4, 8], "rotation": 90, "texture": "#2"},
				"west": {"uv": [10, 4, 14, 0], "rotation": 180, "texture": "#2"},
				"up": {"uv": [12, 0, 8, 4], "rotation": 90, "texture": "#2"},
				"down": {"uv": [8, 4, 12, 0], "rotation": 90, "texture": "#2"}
			}
		},
		{
			"from": [6, 0, 6],
			"to": [10, 3.25, 10],
			"rotation": {"angle": 0, "axis": "z", "origin": [8, 8, 0]},
			"faces": {
				"north": {"uv": [0, 4, 3, 0], "rotation": 270, "texture": "#2"},
				"east": {"uv": [3, 0, 0, 4], "rotation": 90, "texture": "#2"},
				"south": {"uv": [3, 0, 0, 4], "rotation": 90, "texture": "#2"},
				"west": {"uv": [0, 4, 3, 0], "rotation": 270, "texture": "#2"},
				"up": {"uv": [0, 4, 4, 8], "rotation": 90, "texture": "#2"},
				"down": {"uv": [0, 4, 4, 8], "rotation": 90, "texture": "#2"}
			}
		},
		{
			"from": [6.025, 3.25, 6],
			"to": [9.975, 7.25, 10],
			"rotation": {"angle": -22.5, "axis": "x", "origin": [6, 3.25, 10]},
			"faces": {
				"north": {"uv": [2, 4, 6, 0], "rotation": 270, "texture": "#2"},
				"east": {"uv": [6, 0, 2, 4], "rotation": 90, "texture": "#2"},
				"south": {"uv": [6, 0, 2, 4], "rotation": 90, "texture": "#2"},
				"west": {"uv": [2, 4, 6, 0], "rotation": 270, "texture": "#2"},
				"up": {"uv": [0, 4, 4, 8], "rotation": 90, "texture": "#2"},
				"down": {"uv": [0, 4, 4, 8], "rotation": 90, "texture": "#2"}
			}
		},
		{
			"from": [6, 0.4992, 5.44059],
			"to": [10, 4.8242, 7.59059],
			"rotation": {"angle": 45, "axis": "x", "origin": [11, 4.8242, 10.59059]},
			"faces": {
				"north": {"uv": [0, 4, 4, 8], "rotation": 270, "texture": "#2"},
				"east": {"uv": [8, 0, 6, 4], "rotation": 180, "texture": "#2"},
				"south": {"uv": [0, 4, 4, 8], "rotation": 90, "texture": "#2"},
				"west": {"uv": [6, 4, 8, 0], "rotation": 180, "texture": "#2"},
				"up": {"uv": [8, 0, 6, 4], "rotation": 90, "texture": "#2"},
				"down": {"uv": [6, 4, 8, 0], "rotation": 90, "texture": "#2"}
			}
		}
	],
	"display": {
		"head": {
			"rotation": [0, -180, -90],
			"translation": [0, -30.425, 0],
			"scale": [1.6, 1.6, 1.6]
		}
	}
}