{
  "condition": "minecraft:entity_properties",
  "entity": "this",
  "predicate": {
    "equipment": {
      "mainhand": {
        "items": [
          "minecraft:white_bed",
          "minecraft:light_gray_bed",
          "minecraft:gray_bed",
          "minecraft:black_bed",
          "minecraft:brown_bed",
          "minecraft:red_bed",
          "minecraft:orange_bed",
          "minecraft:yellow_bed",
          "minecraft:lime_bed",
          "minecraft:green_bed",
          "minecraft:cyan_bed",
          "minecraft:light_blue_bed",
          "minecraft:blue_bed",
          "minecraft:purple_bed",
          "minecraft:magenta_bed",
          "minecraft:pink_bed"
        ]
      }
    }
  }
}