{
  "condition": "minecraft:any_of",
  "terms": [
    {
      "condition": "minecraft:location_check",
      "predicate": {
        "block": {
          "blocks": [
            "minecraft:nether_portal"
          ]
        }
      }
    },
    {
      "condition": "minecraft:location_check",
      "offsetX": 1,
      "predicate": {
        "block": {
          "blocks": [
            "minecraft:nether_portal"
          ]
        }
      }
    },
    {
      "condition": "minecraft:location_check",
      "offsetX": -1,
      "predicate": {
        "block": {
          "blocks": [
            "minecraft:nether_portal"
          ]
        }
      }
    },
    {
      "condition": "minecraft:location_check",
      "offsetZ": 1,
      "predicate": {
        "block": {
          "blocks": [
            "minecraft:nether_portal"
          ]
        }
      }
    },
    {
      "condition": "minecraft:location_check",
      "offsetZ": -1,
      "predicate": {
        "block": {
          "blocks": [
            "minecraft:nether_portal"
          ]
        }
      }
    }
  ]
}
