{
	"model": {
		"type": "minecraft:select",
		"property": "minecraft:custom_model_data",
		"cases": [
			{
				"when": "AJ_INTERNAL_EMPTY",
				"model": {
					"type": "minecraft:model",
					"model": "animated_java:empty"
				}
			},
			{
				"when": "holding_pan",
				"model": {
					"type": "minecraft:model",
					"model": "animated_java:blueprint/chef/holding_pan/spoon",
					"tints": [
						{"type": "minecraft:dye", "default": [1, 1, 1]}
					]
				}
			},
			{
				"when": "holding_spoon",
				"model": {
					"type": "minecraft:model",
					"model": "animated_java:blueprint/chef/holding_spoon/spoon",
					"tints": [
						{"type": "minecraft:dye", "default": [1, 1, 1]}
					]
				}
			},
			{
				"when": "empty_hands",
				"model": {
					"type": "minecraft:model",
					"model": "animated_java:blueprint/chef/empty_hands/spoon",
					"tints": [
						{"type": "minecraft:dye", "default": [1, 1, 1]}
					]
				}
			}
		],
		"fallback": {
			"type": "minecraft:model",
			"model": "animated_java:blueprint/chef/spoon",
			"tints": [
				{"type": "minecraft:dye", "default": [1, 1, 1]}
			]
		}
	}
}