{
  "type": "minecraft:command",
  "pools": [
    {
      "rolls": 1,
      "entries": [
        {
          "type": "minecraft:item",
          "name": "minecraft:vex_spawn_egg",
          "functions": [
            {
              "function": "minecraft:set_name",
              "entity": "this",
              "name": {
                "text": "Bending Piston",
                "color": "white",
                "italic": false
              }
            },
            {
              "function": "minecraft:set_count",
              "count": 1
            },
            {
              "function": "minecraft:set_components",
              "components": {
                "minecraft:entity_data": {
                  "id": "minecraft:marker",
                  "Tags": [
                    "m_bending_piston_spawn",
                    "m_bending_piston_spawn_normal"
                  ]
                },
                "minecraft:item_model": "bending_piston:piston/piston_item"
              }
            }
          ]
        }
      ]
    }
  ]
}
