{
	"textures": {
		"0": "block_enchantments:custom/chef/gordon_ramsey",
		"particle": "minecraft:item/pufferfish"
	},
	"display": {
		"head": {
			"rotation": [0, 180, 0]
		}
	},
	"elements": [
		{
			"from": [4.25, 8, 6.125],
			"to": [11.75, 19.25, 9.875],
			"rotation": {
				"angle": 0,
				"axis": "y",
				"origin": [0.5, -3.25, 0.5]
			},
			"faces": {
				"north": {
					"uv": [5, 5, 7, 8],
					"texture": "#0"
				},
				"east": {
					"uv": [4, 5, 5, 8],
					"texture": "#0"
				},
				"south": {
					"uv": [8, 5, 10, 8],
					"texture": "#0"
				},
				"west": {
					"uv": [7, 5, 8, 8],
					"texture": "#0"
				},
				"up": {
					"uv": [7, 5, 5, 4],
					"texture": "#0"
				},
				"down": {
					"uv": [9, 4, 7, 5],
					"texture": "#0"
				}
			}
		},
		{
			"from": [4.01562, 7.76562, 5.89062],
			"to": [11.98438, 19.48438, 10.10938],
			"rotation": {
				"angle": 0,
				"axis": "y",
				"origin": [0.5, -3.25, 0.5]
			},
			"faces": {
				"north": {
					"uv": [5, 9, 7, 12],
					"texture": "#0"
				},
				"east": {
					"uv": [4, 9, 5, 12],
					"texture": "#0"
				},
				"south": {
					"uv": [8, 9, 10, 12],
					"texture": "#0"
				},
				"west": {
					"uv": [7, 9, 8, 12],
					"texture": "#0"
				},
				"up": {
					"uv": [7, 9, 5, 8],
					"texture": "#0"
				},
				"down": {
					"uv": [9, 8, 7, 9],
					"texture": "#0"
				}
			}
		}
	]
}