{
	"textures": {
		"0": "block_enchantments:custom/chef/gordon_ramsey",
		"1": "block_enchantments:custom/chef/chef_hat",
		"particle": "minecraft:item/pufferfish"
	},
	"display": {
		"head": {
			"rotation": [0, 180, 0]
		}
	},
	"elements": [
		{
			"from": [4.25, 8, 4.25],
			"to": [11.75, 15.5, 11.75],
			"rotation": {
				"angle": 0,
				"axis": "y",
				"origin": [0.5, -14.5, 0.5]
			},
			"faces": {
				"north": {
					"uv": [2, 2, 4, 4],
					"texture": "#0"
				},
				"east": {
					"uv": [0, 2, 2, 4],
					"texture": "#0"
				},
				"south": {
					"uv": [6, 2, 8, 4],
					"texture": "#0"
				},
				"west": {
					"uv": [4, 2, 6, 4],
					"texture": "#0"
				},
				"up": {
					"uv": [4, 2, 2, 0],
					"texture": "#0"
				},
				"down": {
					"uv": [6, 0, 4, 2],
					"texture": "#0"
				}
			}
		},
		{
			"from": [4.25, 8, 4.25],
			"to": [11.75, 15.5, 11.75],
			"rotation": {
				"angle": 0,
				"axis": "y",
				"origin": [0.5, -14.5, 0.5]
			},
			"faces": {
				"north": {
					"uv": [2, 2, 4, 4],
					"texture": "#0"
				},
				"east": {
					"uv": [0, 2, 2, 4],
					"texture": "#0"
				},
				"south": {
					"uv": [6, 2, 8, 4],
					"texture": "#0"
				},
				"west": {
					"uv": [4, 2, 6, 4],
					"texture": "#0"
				},
				"up": {
					"uv": [4, 2, 2, 0],
					"texture": "#0"
				},
				"down": {
					"uv": [6, 0, 4, 2],
					"texture": "#0"
				}
			}
		},
		{
			"from": [4.15, 12.25, 4.15],
			"to": [11.8, 15.75, 11.85],
			"rotation": {
				"angle": 0,
				"axis": "y",
				"origin": [1, -10.25, 1]
			},
			"faces": {
				"north": {
					"uv": [8.5, 6, 12.5, 8],
					"texture": "#1"
				},
				"east": {
					"uv": [9, 8, 13, 10],
					"texture": "#1"
				},
				"south": {
					"uv": [9, 10, 13, 12],
					"texture": "#1"
				},
				"west": {
					"uv": [4.5, 11, 8.5, 13],
					"texture": "#1"
				},
				"up": {
					"uv": [8.5, 4, 4.5, 0],
					"texture": "#1"
				},
				"down": {
					"uv": [8.5, 4, 4.5, 8],
					"texture": "#1"
				}
			}
		},
		{
			"from": [3.75, 14.25, 3.75],
			"to": [12.25, 19.75, 12.25],
			"rotation": {
				"angle": 0,
				"axis": "y",
				"origin": [1, -8.25, 1]
			},
			"faces": {
				"north": {
					"uv": [4.5, 8, 9, 11],
					"texture": "#1"
				},
				"east": {
					"uv": [8.5, 0, 13, 3],
					"texture": "#1"
				},
				"south": {
					"uv": [8.5, 3, 13, 6],
					"texture": "#1"
				},
				"west": {
					"uv": [0, 9, 4.5, 12],
					"texture": "#1"
				},
				"up": {
					"uv": [4.5, 4.5, 0, 0],
					"texture": "#1"
				},
				"down": {
					"uv": [4.5, 4.5, 0, 9],
					"texture": "#1"
				}
			}
		}
	]
}