{
	"textures": {
		"0": "block_enchantments:custom/chef/gordon_ramsey",
		"particle": "minecraft:item/pufferfish"
	},
	"display": {
		"head": {
			"rotation": [0, 180, 0]
		}
	},
	"elements": [
		{
			"from": [5.1875, -1.375, 6.125],
			"to": [8.9375, 9.875, 9.875],
			"rotation": {
				"angle": 0,
				"axis": "y",
				"origin": [5.1875, -12.625, 0.5]
			},
			"faces": {
				"north": {
					"uv": [9, 13, 10, 16],
					"texture": "#0"
				},
				"east": {
					"uv": [8, 13, 9, 16],
					"texture": "#0"
				},
				"south": {
					"uv": [11, 13, 12, 16],
					"texture": "#0"
				},
				"west": {
					"uv": [10, 13, 11, 16],
					"texture": "#0"
				},
				"up": {
					"uv": [10, 13, 9, 12],
					"texture": "#0"
				},
				"down": {
					"uv": [11, 12, 10, 13],
					"texture": "#0"
				}
			}
		},
		{
			"from": [5.1875, -1.375, 6.125],
			"to": [8.9375, 9.875, 9.875],
			"rotation": {
				"angle": 0,
				"axis": "y",
				"origin": [5.1875, -12.625, 0.5]
			},
			"faces": {
				"north": {
					"uv": [9, 13, 10, 16],
					"texture": "#0"
				},
				"east": {
					"uv": [8, 13, 9, 16],
					"texture": "#0"
				},
				"south": {
					"uv": [11, 13, 12, 16],
					"texture": "#0"
				},
				"west": {
					"uv": [10, 13, 11, 16],
					"texture": "#0"
				},
				"up": {
					"uv": [10, 13, 9, 12],
					"texture": "#0"
				},
				"down": {
					"uv": [11, 12, 10, 13],
					"texture": "#0"
				}
			}
		},
		{
			"from": [4.95312, -1.60938, 5.89062],
			"to": [9.17188, 10.10938, 10.10938],
			"rotation": {
				"angle": 0,
				"axis": "y",
				"origin": [5.1875, -12.625, 0.5]
			},
			"faces": {
				"north": {
					"uv": [13, 13, 14, 16],
					"texture": "#0"
				},
				"east": {
					"uv": [12, 13, 13, 16],
					"texture": "#0"
				},
				"south": {
					"uv": [15, 13, 16, 16],
					"texture": "#0"
				},
				"west": {
					"uv": [14, 13, 15, 16],
					"texture": "#0"
				},
				"up": {
					"uv": [14, 13, 13, 12],
					"texture": "#0"
				},
				"down": {
					"uv": [15, 12, 14, 13],
					"texture": "#0"
				}
			}
		},
		{
			"from": [4.95312, -1.60938, 5.89062],
			"to": [9.17188, 10.10938, 10.10938],
			"rotation": {
				"angle": 0,
				"axis": "y",
				"origin": [5.1875, -12.625, 0.5]
			},
			"faces": {
				"north": {
					"uv": [13, 13, 14, 16],
					"texture": "#0"
				},
				"east": {
					"uv": [12, 13, 13, 16],
					"texture": "#0"
				},
				"south": {
					"uv": [15, 13, 16, 16],
					"texture": "#0"
				},
				"west": {
					"uv": [14, 13, 15, 16],
					"texture": "#0"
				},
				"up": {
					"uv": [14, 13, 13, 12],
					"texture": "#0"
				},
				"down": {
					"uv": [15, 12, 14, 13],
					"texture": "#0"
				}
			}
		}
	]
}