{
	"textures": {
		"3": "block_enchantments:custom/chef/pan",
		"particle": "minecraft:item/pufferfish"
	},
	"display": {
		"head": {
			"rotation": [0, 180, 0]
		}
	},
	"elements": [
		{
			"from": [-9.25, 7.25, 2.75],
			"to": [1.25, 8, 13.25],
			"rotation": {
				"angle": 0,
				"axis": "y",
				"origin": [-10.75, 7.25, 8]
			},
			"faces": {
				"north": {
					"uv": [7, 4, 14, 4.5],
					"texture": "#3"
				},
				"east": {
					"uv": [7, 4.5, 14, 5],
					"texture": "#3"
				},
				"south": {
					"uv": [7, 5, 14, 5.5],
					"texture": "#3"
				},
				"west": {
					"uv": [7, 5.5, 14, 6],
					"texture": "#3"
				},
				"up": {
					"uv": [7, 7, 0, 0],
					"texture": "#3"
				},
				"down": {
					"uv": [7, 7, 0, 14],
					"texture": "#3"
				}
			}
		},
		{
			"from": [-8.5, 8, 12.5],
			"to": [0.5, 8.75, 13.25],
			"rotation": {
				"angle": 0,
				"axis": "y",
				"origin": [-10.75, 8, 7.25]
			},
			"faces": {
				"north": {
					"uv": [9, 8, 15, 8.5],
					"texture": "#3"
				},
				"east": {
					"uv": [11, 12, 11.5, 12.5],
					"texture": "#3"
				},
				"south": {
					"uv": [9, 8.5, 15, 9],
					"texture": "#3"
				},
				"west": {
					"uv": [11.5, 12, 12, 12.5],
					"texture": "#3"
				},
				"up": {
					"uv": [15, 9.5, 9, 9],
					"texture": "#3"
				},
				"down": {
					"uv": [15, 9.5, 9, 10],
					"texture": "#3"
				}
			}
		},
		{
			"from": [-8.5, 8, 2.75],
			"to": [0.5, 8.75, 3.5],
			"rotation": {
				"angle": 0,
				"axis": "y",
				"origin": [-10.75, 8, -2.5]
			},
			"faces": {
				"north": {
					"uv": [9, 10, 15, 10.5],
					"texture": "#3"
				},
				"east": {
					"uv": [12, 12, 12.5, 12.5],
					"texture": "#3"
				},
				"south": {
					"uv": [9, 10.5, 15, 11],
					"texture": "#3"
				},
				"west": {
					"uv": [11, 12.5, 11.5, 13],
					"texture": "#3"
				},
				"up": {
					"uv": [15, 11.5, 9, 11],
					"texture": "#3"
				},
				"down": {
					"uv": [15, 11.5, 9, 12],
					"texture": "#3"
				}
			}
		},
		{
			"from": [-9.25, 8, 2.75],
			"to": [-8.5, 8.75, 13.25],
			"rotation": {
				"angle": 0,
				"axis": "y",
				"origin": [-9.25, 8, -2.5]
			},
			"faces": {
				"north": {
					"uv": [11.5, 12.5, 12, 13],
					"texture": "#3"
				},
				"east": {
					"uv": [7, 6, 14, 6.5],
					"texture": "#3"
				},
				"south": {
					"uv": [12, 12.5, 12.5, 13],
					"texture": "#3"
				},
				"west": {
					"uv": [7, 6.5, 14, 7],
					"texture": "#3"
				},
				"up": {
					"uv": [7.5, 14, 7, 7],
					"texture": "#3"
				},
				"down": {
					"uv": [8, 7, 7.5, 14],
					"texture": "#3"
				}
			}
		},
		{
			"from": [0.5, 8, 2.75],
			"to": [1.25, 8.75, 13.25],
			"rotation": {
				"angle": 0,
				"axis": "y",
				"origin": [0.5, 8, -2.5]
			},
			"faces": {
				"north": {
					"uv": [12.5, 12, 13, 12.5],
					"texture": "#3"
				},
				"east": {
					"uv": [8, 7, 15, 7.5],
					"texture": "#3"
				},
				"south": {
					"uv": [12.5, 12.5, 13, 13],
					"texture": "#3"
				},
				"west": {
					"uv": [8, 7.5, 15, 8],
					"texture": "#3"
				},
				"up": {
					"uv": [8.5, 15, 8, 8],
					"texture": "#3"
				},
				"down": {
					"uv": [9, 8, 8.5, 15],
					"texture": "#3"
				}
			}
		},
		{
			"from": [1.25, 7.25, 7.25],
			"to": [11, 8.75, 8.75],
			"rotation": {
				"angle": 0,
				"axis": "y",
				"origin": [1.25, 8, -2.5]
			},
			"faces": {
				"north": {
					"uv": [7, 0, 13.5, 1],
					"texture": "#3"
				},
				"east": {
					"uv": [9, 12, 10, 13],
					"texture": "#3"
				},
				"south": {
					"uv": [7, 1, 13.5, 2],
					"texture": "#3"
				},
				"west": {
					"uv": [10, 12, 11, 13],
					"texture": "#3"
				},
				"up": {
					"uv": [13.5, 3, 7, 2],
					"texture": "#3"
				},
				"down": {
					"uv": [13.5, 3, 7, 4],
					"texture": "#3"
				}
			}
		}
	]
}