{
	"textures": {
		"0": "block_enchantments:custom/chef/gordon_ramsey",
		"particle": "minecraft:item/pufferfish"
	},
	"display": {
		"head": {
			"rotation": [0, 180, 0]
		}
	},
	"elements": [
		{
			"from": [7.0625, -1.375, 6.125],
			"to": [10.8125, 9.875, 9.875],
			"rotation": {
				"angle": 0,
				"axis": "y",
				"origin": [-4.1875, -12.625, 0.5]
			},
			"faces": {
				"north": {
					"uv": [11, 5, 12, 8],
					"texture": "#0"
				},
				"east": {
					"uv": [10, 5, 11, 8],
					"texture": "#0"
				},
				"south": {
					"uv": [13, 5, 14, 8],
					"texture": "#0"
				},
				"west": {
					"uv": [12, 5, 13, 8],
					"texture": "#0"
				},
				"up": {
					"uv": [12, 5, 11, 4],
					"texture": "#0"
				},
				"down": {
					"uv": [13, 4, 12, 5],
					"texture": "#0"
				}
			}
		},
		{
			"from": [6.82812, -1.60938, 5.89062],
			"to": [11.04688, 10.10938, 10.10938],
			"rotation": {
				"angle": 0,
				"axis": "y",
				"origin": [-4.1875, -12.625, 0.5]
			},
			"faces": {
				"north": {
					"uv": [11, 9, 12, 12],
					"texture": "#0"
				},
				"east": {
					"uv": [10, 9, 11, 12],
					"texture": "#0"
				},
				"south": {
					"uv": [13, 9, 14, 12],
					"texture": "#0"
				},
				"west": {
					"uv": [12, 9, 13, 12],
					"texture": "#0"
				},
				"up": {
					"uv": [12, 9, 11, 8],
					"texture": "#0"
				},
				"down": {
					"uv": [13, 8, 12, 9],
					"texture": "#0"
				}
			}
		}
	]
}