{
	"textures": {
		"2": "block_enchantments:custom/chef/spoon",
		"particle": "minecraft:item/pufferfish"
	},
	"display": {
		"head": {
			"rotation": [0, 180, 0]
		}
	},
	"elements": [
		{
			"from": [-3, 7.5, 6.5],
			"to": [0.5, 8, 9.5],
			"rotation": {
				"angle": 0,
				"axis": "y",
				"origin": [-7, 7.5, 8]
			},
			"faces": {
				"north": {
					"uv": [3.5, 4, 7, 4.5],
					"texture": "#2"
				},
				"east": {
					"uv": [7, 4, 10, 4.5],
					"texture": "#2"
				},
				"south": {
					"uv": [3.5, 4.5, 7, 5],
					"texture": "#2"
				},
				"west": {
					"uv": [7, 4.5, 10, 5],
					"texture": "#2"
				},
				"up": {
					"uv": [3.5, 3, 0, 0],
					"texture": "#2"
				},
				"down": {
					"uv": [3.5, 3, 0, 6],
					"texture": "#2"
				}
			}
		},
		{
			"from": [-3, 8, 9.5],
			"to": [0.5, 8.5, 10],
			"rotation": {
				"angle": 0,
				"axis": "y",
				"origin": [-7, 8, 6]
			},
			"faces": {
				"north": {
					"uv": [3.5, 5, 7, 5.5],
					"texture": "#2"
				},
				"east": {
					"uv": [8, 6, 8.5, 6.5],
					"texture": "#2"
				},
				"south": {
					"uv": [3.5, 5.5, 7, 6],
					"texture": "#2"
				},
				"west": {
					"uv": [8, 6.5, 8.5, 7],
					"texture": "#2"
				},
				"up": {
					"uv": [3.5, 6.5, 0, 6],
					"texture": "#2"
				},
				"down": {
					"uv": [7, 6, 3.5, 6.5],
					"texture": "#2"
				}
			}
		},
		{
			"from": [-3, 8, 6],
			"to": [0.5, 8.5, 6.5],
			"rotation": {
				"angle": 0,
				"axis": "y",
				"origin": [-7, 8, 2.5]
			},
			"faces": {
				"north": {
					"uv": [0, 6.5, 3.5, 7],
					"texture": "#2"
				},
				"east": {
					"uv": [8, 7, 8.5, 7.5],
					"texture": "#2"
				},
				"south": {
					"uv": [3.5, 6.5, 7, 7],
					"texture": "#2"
				},
				"west": {
					"uv": [8, 7.5, 8.5, 8],
					"texture": "#2"
				},
				"up": {
					"uv": [3.5, 7.5, 0, 7],
					"texture": "#2"
				},
				"down": {
					"uv": [7, 7, 3.5, 7.5],
					"texture": "#2"
				}
			}
		},
		{
			"from": [-3.5, 8, 6.5],
			"to": [-3, 8.5, 9.5],
			"rotation": {
				"angle": 0,
				"axis": "y",
				"origin": [-3.5, 8, 1]
			},
			"faces": {
				"north": {
					"uv": [8, 8, 8.5, 8.5],
					"texture": "#2"
				},
				"east": {
					"uv": [7, 5, 10, 5.5],
					"texture": "#2"
				},
				"south": {
					"uv": [2.5, 8.5, 3, 9],
					"texture": "#2"
				},
				"west": {
					"uv": [7, 5.5, 10, 6],
					"texture": "#2"
				},
				"up": {
					"uv": [7.5, 9, 7, 6],
					"texture": "#2"
				},
				"down": {
					"uv": [0.5, 7.5, 0, 10.5],
					"texture": "#2"
				}
			}
		},
		{
			"from": [0.5, 8, 6.5],
			"to": [1, 8.5, 9.5],
			"rotation": {
				"angle": 0,
				"axis": "y",
				"origin": [0.5, 8, 1]
			},
			"faces": {
				"north": {
					"uv": [3, 8.5, 3.5, 9],
					"texture": "#2"
				},
				"east": {
					"uv": [0.5, 7.5, 3.5, 8],
					"texture": "#2"
				},
				"south": {
					"uv": [3.5, 8.5, 4, 9],
					"texture": "#2"
				},
				"west": {
					"uv": [3.5, 7.5, 6.5, 8],
					"texture": "#2"
				},
				"up": {
					"uv": [8, 9, 7.5, 6],
					"texture": "#2"
				},
				"down": {
					"uv": [7, 7.5, 6.5, 10.5],
					"texture": "#2"
				}
			}
		},
		{
			"from": [1, 7.5, 7.5],
			"to": [10, 8.5, 8.5],
			"rotation": {
				"angle": 0,
				"axis": "y",
				"origin": [1, 8, 1]
			},
			"faces": {
				"north": {
					"uv": [3.5, 0, 12.5, 1],
					"texture": "#2"
				},
				"east": {
					"uv": [0.5, 8, 1.5, 9],
					"texture": "#2"
				},
				"south": {
					"uv": [3.5, 1, 12.5, 2],
					"texture": "#2"
				},
				"west": {
					"uv": [1.5, 8, 2.5, 9],
					"texture": "#2"
				},
				"up": {
					"uv": [12.5, 3, 3.5, 2],
					"texture": "#2"
				},
				"down": {
					"uv": [12.5, 3, 3.5, 4],
					"texture": "#2"
				}
			}
		},
		{
			"from": [0.5, 7.5, 7.5],
			"to": [1, 8, 8.5],
			"rotation": {
				"angle": 0,
				"axis": "y",
				"origin": [0.5, 8, 1]
			},
			"faces": {
				"north": {
					"uv": [5.5, 8, 6, 8.5],
					"texture": "#2"
				},
				"east": {
					"uv": [2.5, 8, 3.5, 8.5],
					"texture": "#2"
				},
				"south": {
					"uv": [6, 8, 6.5, 8.5],
					"texture": "#2"
				},
				"west": {
					"uv": [3.5, 8, 4.5, 8.5],
					"texture": "#2"
				},
				"up": {
					"uv": [5, 9, 4.5, 8],
					"texture": "#2"
				},
				"down": {
					"uv": [5.5, 8, 5, 9],
					"texture": "#2"
				}
			}
		}
	]
}