{
  "type": "minecraft:command",
  "pools": [
    {
      "rolls": 1,
      "entries": [
        {
          "type": "minecraft:item",
          "name": "minecraft:polar_bear_spawn_egg",
          "functions": [
            {
              "function": "minecraft:set_name",
              "entity": "this",
              "name": {
                "text": "Enchanted Birch Door",
                "color": "light_purple",
                "italic": false
              }
            },
            {
              "function": "minecraft:set_count",
              "count": 1
            },
            {
              "function": "minecraft:set_custom_data",
              "tag": "{EnchantedBlock:1b}"
            },
            {
              "function": "minecraft:set_components",
              "components": {
                "minecraft:entity_data": {
                  "id": "minecraft:marker",
                  "Tags": [
                    "mcm.sp",
                    "mcm.sp.be.door",
                    "mcm.sp.be.door.birch",
                    "mcm.sp.be.door.camouflage"
                  ]
                },
                "minecraft:item_model": "minecraft:birch_door",
                "minecraft:enchantment_glint_override": true
              }
            }
          ]
        }
      ]
    }
  ]
}