{
	"model": {
		"type": "minecraft:select",
		"property": "minecraft:custom_model_data",
		"cases": [
			{
				"when": "AJ_INTERNAL_EMPTY",
				"model": {
					"type": "minecraft:empty"
				}
			},
			{
				"when": "damage",
				"model": {
					"type": "minecraft:model",
					"model": "animated_java:blueprint/omnidroid/damage/leg2_joint0",
					"tints": [
						{"type": "minecraft:dye", "default": [1, 1, 1]}
					]
				}
			},
			{
				"when": "slight_damage",
				"model": {
					"type": "minecraft:model",
					"model": "animated_java:blueprint/omnidroid/slight_damage/leg2_joint0",
					"tints": [
						{"type": "minecraft:dye", "default": [1, 1, 1]}
					]
				}
			},
			{
				"when": "eyes_normal",
				"model": {
					"type": "minecraft:model",
					"model": "animated_java:blueprint/omnidroid/eyes_normal/leg2_joint0",
					"tints": [
						{"type": "minecraft:dye", "default": [1, 1, 1]}
					]
				}
			},
			{
				"when": "eyes_glow1",
				"model": {
					"type": "minecraft:model",
					"model": "animated_java:blueprint/omnidroid/eyes_glow1/leg2_joint0",
					"tints": [
						{"type": "minecraft:dye", "default": [1, 1, 1]}
					]
				}
			},
			{
				"when": "eyes_glow2",
				"model": {
					"type": "minecraft:model",
					"model": "animated_java:blueprint/omnidroid/eyes_glow2/leg2_joint0",
					"tints": [
						{"type": "minecraft:dye", "default": [1, 1, 1]}
					]
				}
			}
		],
		"fallback": {
			"type": "minecraft:model",
			"model": "animated_java:blueprint/omnidroid/leg2_joint0",
			"tints": [
				{"type": "minecraft:dye", "default": [1, 1, 1]}
			]
		}
	}
}