{
	"textures": {
		"1": "block_enchantments:custom/crafting_table/omnidroid_full",
		"particle": "minecraft:item/pufferfish"
	},
	"display": {
		"head": {
			"rotation": [0, 180, 0]
		}
	},
	"elements": [
		{
			"from": [16, 0, 0],
			"to": [16, 6, 16],
			"faces": {
				"east": {
					"uv": [3.25, 5.125, 5.25, 5.875],
					"texture": "#1"
				},
				"west": {
					"uv": [5.25, 5.125, 3.25, 5.875],
					"texture": "#1"
				}
			}
		},
		{
			"from": [16, 6, 3],
			"to": [16, 9, 13],
			"rotation": {
				"angle": 0,
				"axis": "y",
				"origin": [8, 3, 8]
			},
			"faces": {
				"east": {
					"uv": [2, 6.125, 3.25, 6.5],
					"texture": "#1"
				},
				"west": {
					"uv": [3.25, 6.125, 2, 6.5],
					"texture": "#1"
				}
			}
		},
		{
			"from": [16, 9, 0],
			"to": [16, 16, 16],
			"faces": {
				"east": {
					"uv": [2, 4, 4, 4.875],
					"texture": "#1"
				},
				"west": {
					"uv": [4, 4, 2, 4.875],
					"texture": "#1"
				}
			}
		},
		{
			"from": [2, 15, 2],
			"to": [14, 16, 2],
			"rotation": {
				"angle": 0,
				"axis": "y",
				"origin": [8, 12, 8]
			},
			"faces": {
				"north": {
					"uv": [7.5, 0.5, 9, 0.625],
					"texture": "#1"
				},
				"east": {
					"uv": [0, 0, 0, 0.125],
					"texture": "#1"
				},
				"south": {
					"uv": [7.5, 0.625, 9, 0.75],
					"texture": "#1"
				},
				"west": {
					"uv": [0, 0, 0, 0.125],
					"texture": "#1"
				},
				"up": {
					"uv": [0, 0, 1.5, 0],
					"texture": "#1"
				},
				"down": {
					"uv": [0, 0, 1.5, 0],
					"texture": "#1"
				}
			}
		},
		{
			"from": [2, 15, 14],
			"to": [14, 16, 14],
			"rotation": {
				"angle": 0,
				"axis": "y",
				"origin": [8, 12, 20]
			},
			"faces": {
				"north": {
					"uv": [7.5, 0.25, 9, 0.375],
					"texture": "#1"
				},
				"east": {
					"uv": [0, 0, 0, 0.125],
					"texture": "#1"
				},
				"south": {
					"uv": [7.5, 0.375, 9, 0.5],
					"texture": "#1"
				},
				"west": {
					"uv": [0, 0, 0, 0.125],
					"texture": "#1"
				},
				"up": {
					"uv": [1.5, 0, 0, 0],
					"texture": "#1"
				},
				"down": {
					"uv": [0, 0, 1.5, 0],
					"texture": "#1"
				}
			}
		},
		{
			"from": [2, 15, 2],
			"to": [2, 16, 14],
			"rotation": {
				"angle": 0,
				"axis": "y",
				"origin": [-4, 12, 8]
			},
			"faces": {
				"north": {
					"uv": [0, 0, 0, 0.125],
					"texture": "#1"
				},
				"east": {
					"uv": [7.5, 0, 9, 0.125],
					"texture": "#1"
				},
				"south": {
					"uv": [0, 0, 0, 0.125],
					"texture": "#1"
				},
				"west": {
					"uv": [7.5, 0.125, 9, 0.25],
					"texture": "#1"
				},
				"up": {
					"uv": [0, 0, 0, 1.5],
					"texture": "#1"
				},
				"down": {
					"uv": [0, 0, 0, 1.5],
					"texture": "#1"
				}
			}
		},
		{
			"from": [14, 15, 2],
			"to": [14, 16, 14],
			"rotation": {
				"angle": 0,
				"axis": "y",
				"origin": [8, 12, 8]
			},
			"faces": {
				"north": {
					"uv": [0, 0, 0, 0.125],
					"texture": "#1"
				},
				"east": {
					"uv": [7.25, 6.25, 8.75, 6.375],
					"texture": "#1"
				},
				"south": {
					"uv": [0, 0, 0, 0.125],
					"texture": "#1"
				},
				"west": {
					"uv": [7.25, 6.375, 8.75, 6.5],
					"texture": "#1"
				},
				"up": {
					"uv": [0, 1.5, 0, 0],
					"texture": "#1"
				},
				"down": {
					"uv": [0, 0, 0, 1.5],
					"texture": "#1"
				}
			}
		},
		{
			"from": [2, 12, 2],
			"to": [14, 15, 14],
			"rotation": {
				"angle": 0,
				"axis": "y",
				"origin": [8, 11, 8]
			},
			"faces": {
				"north": {
					"uv": [6, 3.25, 7.5, 3.625],
					"texture": "#1"
				},
				"east": {
					"uv": [2, 6.5, 3.5, 6.875],
					"texture": "#1"
				},
				"south": {
					"uv": [3.5, 6.5, 5, 6.875],
					"texture": "#1"
				},
				"west": {
					"uv": [5, 6.5, 6.5, 6.875],
					"texture": "#1"
				},
				"up": {
					"uv": [5.5, 1.5, 4, 0],
					"texture": "#1"
				},
				"down": {
					"uv": [5.5, 1.5, 4, 3],
					"texture": "#1"
				}
			}
		},
		{
			"from": [0, 16, 13],
			"to": [16, 16, 16],
			"faces": {
				"north": {
					"uv": [0, 0, 2, 0],
					"texture": "#1"
				},
				"east": {
					"uv": [0, 0, 0.375, 0],
					"texture": "#1"
				},
				"south": {
					"uv": [0, 0, 2, 0],
					"texture": "#1"
				},
				"west": {
					"uv": [0, 0, 0.375, 0],
					"texture": "#1"
				},
				"up": {
					"uv": [8, 3.25, 6, 2.875],
					"texture": "#1"
				},
				"down": {
					"uv": [8, 3.25, 6, 2.875],
					"texture": "#1"
				}
			}
		},
		{
			"from": [0, 16, 3],
			"to": [3, 16, 13],
			"faces": {
				"north": {
					"uv": [0, 0, 0.375, 0],
					"texture": "#1"
				},
				"east": {
					"uv": [0, 0, 1.25, 0],
					"texture": "#1"
				},
				"south": {
					"uv": [0, 0, 0.375, 0],
					"texture": "#1"
				},
				"west": {
					"uv": [0, 0, 1.25, 0],
					"texture": "#1"
				},
				"up": {
					"uv": [2.75, 8.125, 2.375, 6.875],
					"texture": "#1"
				},
				"down": {
					"uv": [2.75, 8.125, 2.375, 6.875],
					"texture": "#1"
				}
			}
		},
		{
			"from": [13, 16, 3],
			"to": [16, 16, 13],
			"faces": {
				"north": {
					"uv": [0, 0, 0.375, 0],
					"texture": "#1"
				},
				"east": {
					"uv": [0, 0, 1.25, 0],
					"texture": "#1"
				},
				"south": {
					"uv": [0, 0, 0.375, 0],
					"texture": "#1"
				},
				"west": {
					"uv": [0, 0, 1.25, 0],
					"texture": "#1"
				},
				"up": {
					"uv": [2.375, 8.125, 2, 6.875],
					"texture": "#1"
				},
				"down": {
					"uv": [2.375, 8.125, 2, 6.875],
					"texture": "#1"
				}
			}
		},
		{
			"from": [0, 16, 0],
			"to": [16, 16, 3],
			"faces": {
				"north": {
					"uv": [0, 0, 2, 0],
					"texture": "#1"
				},
				"east": {
					"uv": [0, 0, 0.375, 0],
					"texture": "#1"
				},
				"south": {
					"uv": [0, 0, 2, 0],
					"texture": "#1"
				},
				"west": {
					"uv": [0, 0, 0.375, 0],
					"texture": "#1"
				},
				"up": {
					"uv": [7.5, 2.875, 5.5, 2.5],
					"texture": "#1"
				},
				"down": {
					"uv": [7.5, 2.875, 5.5, 2.5],
					"texture": "#1"
				}
			}
		},
		{
			"from": [0, 0, 0],
			"to": [16, 0.1, 16],
			"faces": {
				"up": {
					"uv": [2, 6, 0, 4],
					"texture": "#1"
				},
				"down": {
					"uv": [0, 4, 2, 6],
					"texture": "#1"
				}
			}
		},
		{
			"from": [12, 5, 0],
			"to": [12, 10, 16],
			"rotation": {
				"angle": 0,
				"axis": "y",
				"origin": [13, 4, 1]
			},
			"faces": {
				"north": {
					"uv": [0, 0, 0, 0.625],
					"texture": "#1"
				},
				"east": {
					"uv": [3.25, 5.875, 5.25, 6.5],
					"texture": "#1"
				},
				"south": {
					"uv": [0, 0, 0, 0.625],
					"texture": "#1"
				},
				"west": {
					"uv": [5.25, 5.875, 7.25, 6.5],
					"texture": "#1"
				},
				"up": {
					"uv": [0, 2, 0, 0],
					"texture": "#1"
				},
				"down": {
					"uv": [0, 0, 0, 2],
					"texture": "#1"
				}
			}
		},
		{
			"from": [0, 5, 4],
			"to": [16, 10, 4],
			"rotation": {
				"angle": 0,
				"axis": "y",
				"origin": [5, 4, -11]
			},
			"faces": {
				"north": {
					"uv": [5.5, 1.25, 7.5, 1.875],
					"texture": "#1"
				},
				"east": {
					"uv": [0, 0, 0, 0.625],
					"texture": "#1"
				},
				"south": {
					"uv": [5.5, 1.875, 7.5, 2.5],
					"texture": "#1"
				},
				"west": {
					"uv": [0, 0, 0, 0.625],
					"texture": "#1"
				},
				"up": {
					"uv": [2, 0, 0, 0],
					"texture": "#1"
				},
				"down": {
					"uv": [2, 0, 0, 0],
					"texture": "#1"
				}
			}
		},
		{
			"from": [0, 5, 12],
			"to": [16, 10, 12],
			"rotation": {
				"angle": 0,
				"axis": "y",
				"origin": [5, 4, -3]
			},
			"faces": {
				"north": {
					"uv": [5.5, 0, 7.5, 0.625],
					"texture": "#1"
				},
				"east": {
					"uv": [0, 0, 0, 0.625],
					"texture": "#1"
				},
				"south": {
					"uv": [5.5, 0.625, 7.5, 1.25],
					"texture": "#1"
				},
				"west": {
					"uv": [0, 0, 0, 0.625],
					"texture": "#1"
				},
				"up": {
					"uv": [2, 0, 0, 0],
					"texture": "#1"
				},
				"down": {
					"uv": [2, 0, 0, 0],
					"texture": "#1"
				}
			}
		},
		{
			"from": [4, 5, 0],
			"to": [4, 10, 16],
			"rotation": {
				"angle": 0,
				"axis": "y",
				"origin": [5, 4, 1]
			},
			"faces": {
				"north": {
					"uv": [0, 0, 0, 0.625],
					"texture": "#1"
				},
				"east": {
					"uv": [5.25, 4.625, 7.25, 5.25],
					"texture": "#1"
				},
				"south": {
					"uv": [0, 0, 0, 0.625],
					"texture": "#1"
				},
				"west": {
					"uv": [5.25, 5.25, 7.25, 5.875],
					"texture": "#1"
				},
				"up": {
					"uv": [0, 2, 0, 0],
					"texture": "#1"
				},
				"down": {
					"uv": [0, 0, 0, 2],
					"texture": "#1"
				}
			}
		},
		{
			"from": [0, 5, 0],
			"to": [16, 5, 16],
			"rotation": {
				"angle": 0,
				"axis": "y",
				"origin": [1, 3, 1]
			},
			"faces": {
				"north": {
					"uv": [0, 0, 2, 0],
					"texture": "#1"
				},
				"east": {
					"uv": [0, 0, 2, 0],
					"texture": "#1"
				},
				"south": {
					"uv": [0, 0, 2, 0],
					"texture": "#1"
				},
				"west": {
					"uv": [0, 0, 2, 0],
					"texture": "#1"
				},
				"up": {
					"uv": [4, 2, 2, 0],
					"texture": "#1"
				},
				"down": {
					"uv": [4, 2, 2, 4],
					"texture": "#1"
				}
			}
		},
		{
			"from": [0, 10, 0],
			"to": [16, 10, 16],
			"rotation": {
				"angle": 0,
				"axis": "y",
				"origin": [1, 8, 1]
			},
			"faces": {
				"north": {
					"uv": [0, 0, 2, 0],
					"texture": "#1"
				},
				"east": {
					"uv": [0, 0, 2, 0],
					"texture": "#1"
				},
				"south": {
					"uv": [0, 0, 2, 0],
					"texture": "#1"
				},
				"west": {
					"uv": [0, 0, 2, 0],
					"texture": "#1"
				},
				"up": {
					"uv": [2, 2, 0, 0],
					"texture": "#1"
				},
				"down": {
					"uv": [2, 2, 0, 4],
					"texture": "#1"
				}
			}
		},
		{
			"from": [0, 6, 3],
			"to": [0, 9, 13],
			"rotation": {
				"angle": 0,
				"axis": "y",
				"origin": [8, 3, 8]
			},
			"faces": {
				"east": {
					"uv": [7.75, 6.5, 6.5, 6.875],
					"texture": "#1"
				},
				"west": {
					"uv": [7.75, 6.5, 6.5, 6.875],
					"texture": "#1"
				}
			}
		},
		{
			"from": [0, 0, 0],
			"to": [0, 6, 16],
			"faces": {
				"east": {
					"uv": [7.25, 3.875, 5.25, 4.625],
					"texture": "#1"
				},
				"west": {
					"uv": [7.25, 3.875, 5.25, 4.625],
					"texture": "#1"
				}
			}
		},
		{
			"from": [0, 9, 0],
			"to": [0, 16, 16],
			"faces": {
				"east": {
					"uv": [6, 3, 4, 3.875],
					"texture": "#1"
				},
				"west": {
					"uv": [6, 3, 4, 3.875],
					"texture": "#1"
				}
			}
		},
		{
			"from": [3, 6, 16],
			"to": [13, 9, 16],
			"rotation": {
				"angle": 0,
				"axis": "y",
				"origin": [8, 3, 8]
			},
			"faces": {
				"north": {
					"uv": [6.5, 6.5, 7.75, 6.875],
					"texture": "#1"
				},
				"south": {
					"uv": [7.75, 6.5, 6.5, 6.875],
					"texture": "#1"
				}
			}
		},
		{
			"from": [0, 0, 16],
			"to": [16, 6, 16],
			"faces": {
				"north": {
					"uv": [5.25, 3.875, 7.25, 4.625],
					"texture": "#1"
				},
				"south": {
					"uv": [7.25, 3.875, 5.25, 4.625],
					"texture": "#1"
				}
			}
		},
		{
			"from": [0, 9, 16],
			"to": [16, 16, 16],
			"faces": {
				"north": {
					"uv": [4, 3, 6, 3.875],
					"texture": "#1"
				},
				"south": {
					"uv": [6, 3, 4, 3.875],
					"texture": "#1"
				}
			}
		},
		{
			"from": [3, 6, 0],
			"to": [13, 9, 0],
			"rotation": {
				"angle": 0,
				"axis": "y",
				"origin": [8, 3, 8]
			},
			"faces": {
				"north": {
					"uv": [2, 6.125, 3.25, 6.5],
					"texture": "#1"
				},
				"south": {
					"uv": [3.25, 6.125, 2, 6.5],
					"texture": "#1"
				}
			}
		},
		{
			"from": [0, 0, 0],
			"to": [16, 6, 0],
			"faces": {
				"north": {
					"uv": [3.25, 5.125, 5.25, 5.875],
					"texture": "#1"
				},
				"south": {
					"uv": [5.25, 5.125, 3.25, 5.875],
					"texture": "#1"
				}
			}
		},
		{
			"from": [0, 9, 0],
			"to": [16, 16, 0],
			"faces": {
				"north": {
					"uv": [2, 4, 4, 4.875],
					"texture": "#1"
				},
				"south": {
					"uv": [4, 4, 2, 4.875],
					"texture": "#1"
				}
			}
		}
	]
}