{
	"textures": {
		"1": "block_enchantments:custom/crafting_table/omnidroid_full",
		"particle": "minecraft:item/pufferfish"
	},
	"display": {
		"head": {
			"rotation": [0, 180, 0]
		}
	},
	"elements": [
		{
			"from": [8, 6.5, 8],
			"to": [11, 9.5, 8],
			"rotation": {
				"angle": 0,
				"axis": "y",
				"origin": [6, 3.5, 16]
			},
			"faces": {
				"north": {
					"uv": [7.5, 1, 7.875, 1.375],
					"texture": "#1"
				},
				"south": {
					"uv": [7.875, 1, 7.5, 1.375],
					"texture": "#1"
				}
			}
		}
	]
}