{
	"textures": {
		"1": "block_enchantments:custom/crafting_table/omnidroid_full",
		"6": "block_enchantments:custom/crafting_table/omnidroid_eye_normal",
		"particle": "minecraft:item/pufferfish"
	},
	"display": {
		"head": {
			"rotation": [0, 180, 0]
		}
	},
	"elements": [
		{
			"from": [4, 9, 4],
			"to": [12, 12, 12],
			"rotation": {
				"angle": 0,
				"axis": "y",
				"origin": [8, 8, 8]
			},
			"faces": {
				"north": {
					"uv": [4, 6.875, 5, 7.25],
					"texture": "#1"
				},
				"east": {
					"uv": [5, 6.875, 6, 7.25],
					"texture": "#1"
				},
				"south": {
					"uv": [6, 6.875, 7, 7.25],
					"texture": "#1"
				},
				"west": {
					"uv": [0, 7, 1, 7.375],
					"texture": "#1"
				},
				"up": {
					"uv": [1, 7, 0, 6],
					"texture": "#1"
				},
				"down": {
					"uv": [2, 6, 1, 7],
					"texture": "#1"
				}
			}
		},
		{
			"from": [5, 10, 3.95],
			"to": [11, 12, 3.95],
			"rotation": {
				"angle": 0,
				"axis": "y",
				"origin": [8, 8, 7.975]
			},
			"faces": {
				"north": {
					"uv": [0, 0, 12, 4],
					"texture": "#6"
				}
			}
		},
		{
			"from": [6, 7, 6],
			"to": [10, 9, 10],
			"rotation": {
				"angle": 0,
				"axis": "y",
				"origin": [8, 5, 8]
			},
			"faces": {
				"north": {
					"uv": [3.25, 4.875, 3.75, 5.125],
					"texture": "#1"
				},
				"east": {
					"uv": [4.25, 7.75, 4.75, 8],
					"texture": "#1"
				},
				"south": {
					"uv": [7.75, 4.375, 8.25, 4.625],
					"texture": "#1"
				},
				"west": {
					"uv": [7.75, 4.625, 8.25, 4.875],
					"texture": "#1"
				},
				"up": {
					"uv": [4.5, 7.75, 4, 7.25],
					"texture": "#1"
				},
				"down": {
					"uv": [7.75, 4.25, 7.25, 4.75],
					"texture": "#1"
				}
			}
		},
		{
			"from": [3, 12, 3],
			"to": [13, 13, 13],
			"rotation": {
				"angle": 0,
				"axis": "y",
				"origin": [8, 11, 8]
			},
			"faces": {
				"north": {
					"uv": [6, 3.625, 7.25, 3.75],
					"texture": "#1"
				},
				"east": {
					"uv": [6, 3.75, 7.25, 3.875],
					"texture": "#1"
				},
				"south": {
					"uv": [7.5, 0.75, 8.75, 0.875],
					"texture": "#1"
				},
				"west": {
					"uv": [7.5, 0.875, 8.75, 1],
					"texture": "#1"
				},
				"up": {
					"uv": [5.25, 5.125, 4, 3.875],
					"texture": "#1"
				},
				"down": {
					"uv": [3.25, 4.875, 2, 6.125],
					"texture": "#1"
				}
			}
		}
	]
}