{
	"textures": {
		"1": "block_enchantments:custom/crafting_table/omnidroid_full",
		"particle": "minecraft:item/pufferfish"
	},
	"display": {
		"head": {
			"rotation": [0, 180, 0]
		}
	},
	"elements": [
		{
			"from": [5, 6, 6],
			"to": [7, 10, 10],
			"rotation": {
				"angle": 0,
				"axis": "y",
				"origin": [7, 6, 7]
			},
			"faces": {
				"north": {
					"uv": [1.75, 7.625, 2, 8.125],
					"texture": "#1"
				},
				"east": {
					"uv": [4.5, 7.25, 5, 7.75],
					"texture": "#1"
				},
				"south": {
					"uv": [4.75, 7.75, 5, 8.25],
					"texture": "#1"
				},
				"west": {
					"uv": [7.25, 4.75, 7.75, 5.25],
					"texture": "#1"
				},
				"up": {
					"uv": [8, 5.375, 7.75, 4.875],
					"texture": "#1"
				},
				"down": {
					"uv": [5.25, 7.75, 5, 8.25],
					"texture": "#1"
				}
			}
		},
		{
			"from": [3, 6.5, 6.5],
			"to": [5, 9.5, 9.5],
			"rotation": {
				"angle": 0,
				"axis": "y",
				"origin": [7, 6, 7]
			},
			"faces": {
				"north": {
					"uv": [7.75, 5.875, 8, 6.25],
					"texture": "#1"
				},
				"east": {
					"uv": [7.5, 2.5, 7.875, 2.875],
					"texture": "#1"
				},
				"south": {
					"uv": [7.75, 6.5, 8, 6.875],
					"texture": "#1"
				},
				"west": {
					"uv": [2.75, 7.5, 3.125, 7.875],
					"texture": "#1"
				},
				"up": {
					"uv": [8.125, 2.875, 7.875, 2.5],
					"texture": "#1"
				},
				"down": {
					"uv": [3, 7.875, 2.75, 8.25],
					"texture": "#1"
				}
			}
		},
		{
			"from": [7, 6.25, 6.25],
			"to": [9, 9.75, 9.75],
			"rotation": {
				"angle": 0,
				"axis": "y",
				"origin": [10, 6, 7]
			},
			"faces": {
				"north": {
					"uv": [5.25, 7.75, 5.5, 8.25],
					"texture": "#1"
				},
				"east": {
					"uv": [5, 7.25, 5.5, 7.75],
					"texture": "#1"
				},
				"south": {
					"uv": [7.75, 5.375, 8, 5.875],
					"texture": "#1"
				},
				"west": {
					"uv": [7.25, 5.25, 7.75, 5.75],
					"texture": "#1"
				},
				"up": {
					"uv": [5.75, 8.25, 5.5, 7.75],
					"texture": "#1"
				},
				"down": {
					"uv": [6, 7.75, 5.75, 8.25],
					"texture": "#1"
				}
			}
		}
	]
}