{
	"textures": {
		"1": "block_enchantments:custom/crafting_table/omnidroid_full",
		"particle": "minecraft:item/pufferfish"
	},
	"display": {
		"head": {
			"rotation": [0, 180, 0]
		}
	},
	"elements": [
		{
			"from": [7, 7, 7],
			"to": [9, 9, 9],
			"rotation": {
				"angle": 0,
				"axis": "y",
				"origin": [9, 6, 7]
			},
			"faces": {
				"north": {
					"uv": [3.75, 4.875, 4, 5.125],
					"texture": "#1"
				},
				"east": {
					"uv": [8.125, 1.75, 8.375, 2],
					"texture": "#1"
				},
				"south": {
					"uv": [2, 8.125, 2.25, 8.375],
					"texture": "#1"
				},
				"west": {
					"uv": [8.125, 2, 8.375, 2.25],
					"texture": "#1"
				},
				"up": {
					"uv": [2.5, 8.375, 2.25, 8.125],
					"texture": "#1"
				},
				"down": {
					"uv": [8.375, 2.25, 8.125, 2.5],
					"texture": "#1"
				}
			}
		},
		{
			"from": [3.5, 7, 7],
			"to": [6, 9, 9],
			"rotation": {
				"angle": 0,
				"axis": "y",
				"origin": [6, 6, 7]
			},
			"faces": {
				"north": {
					"uv": [8, 6, 8.375, 6.25],
					"texture": "#1"
				},
				"east": {
					"uv": [2.5, 8.125, 2.75, 8.375],
					"texture": "#1"
				},
				"south": {
					"uv": [8, 6.5, 8.375, 6.75],
					"texture": "#1"
				},
				"west": {
					"uv": [8.125, 2.5, 8.375, 2.75],
					"texture": "#1"
				},
				"up": {
					"uv": [7.625, 8.25, 7.25, 8],
					"texture": "#1"
				},
				"down": {
					"uv": [8.375, 7.625, 8, 7.875],
					"texture": "#1"
				}
			}
		},
		{
			"from": [5, 6.5, 6.5],
			"to": [7, 9.5, 9.5],
			"rotation": {
				"angle": 0,
				"axis": "y",
				"origin": [8, 6, 7]
			},
			"faces": {
				"north": {
					"uv": [8, 7.875, 8.25, 8.25],
					"texture": "#1"
				},
				"east": {
					"uv": [7.375, 7.625, 7.75, 8],
					"texture": "#1"
				},
				"south": {
					"uv": [8.125, 1, 8.375, 1.375],
					"texture": "#1"
				},
				"west": {
					"uv": [7.75, 3.625, 8.125, 4],
					"texture": "#1"
				},
				"up": {
					"uv": [8.375, 1.75, 8.125, 1.375],
					"texture": "#1"
				},
				"down": {
					"uv": [2, 8.125, 1.75, 8.5],
					"texture": "#1"
				}
			}
		}
	]
}