{
	"textures": {
		"1": "block_enchantments:custom/crafting_table/omnidroid_full",
		"particle": "minecraft:item/pufferfish"
	},
	"display": {
		"head": {
			"rotation": [0, 180, 0]
		}
	},
	"elements": [
		{
			"from": [6.05581, 5.5, 5.51525],
			"to": [10.05581, 10.5, 10.51525],
			"rotation": {
				"angle": 0,
				"axis": "y",
				"origin": [9.05581, 6, 7.01525]
			},
			"faces": {
				"north": {
					"uv": [1, 7, 1.5, 7.625],
					"texture": "#1"
				},
				"east": {
					"uv": [2.75, 6.875, 3.375, 7.5],
					"texture": "#1"
				},
				"south": {
					"uv": [1.5, 7, 2, 7.625],
					"texture": "#1"
				},
				"west": {
					"uv": [3.375, 6.875, 4, 7.5],
					"texture": "#1"
				},
				"up": {
					"uv": [7.5, 7.5, 7, 6.875],
					"texture": "#1"
				},
				"down": {
					"uv": [7.75, 3.625, 7.25, 4.25],
					"texture": "#1"
				}
			}
		}
	]
}