{
	"textures": {
		"1": "block_enchantments:custom/crafting_table/omnidroid_full",
		"particle": "minecraft:item/pufferfish"
	},
	"display": {
		"head": {
			"rotation": [0, 180, 0]
		}
	},
	"elements": [
		{
			"from": [7, 7.75, 7.5],
			"to": [7.95, 11.5, 8.45],
			"rotation": {
				"angle": 0,
				"axis": "y",
				"origin": [7, 7.5, 8]
			},
			"faces": {
				"north": {
					"uv": [7.75, 8.125, 7.875, 8.625],
					"texture": "#1"
				},
				"east": {
					"uv": [7.875, 8.125, 8, 8.625],
					"texture": "#1"
				},
				"south": {
					"uv": [2.75, 8.25, 2.875, 8.75],
					"texture": "#1"
				},
				"west": {
					"uv": [8.25, 2.75, 8.375, 3.25],
					"texture": "#1"
				},
				"up": {
					"uv": [8.25, 4.375, 8.125, 4.25],
					"texture": "#1"
				},
				"down": {
					"uv": [5.625, 8.25, 5.5, 8.375],
					"texture": "#1"
				}
			}
		},
		{
			"from": [7, 11.5, 7.75],
			"to": [7.95, 13, 8.2],
			"rotation": {
				"angle": 22.5,
				"axis": "z",
				"origin": [8, 11.5, 8]
			},
			"faces": {
				"north": {
					"uv": [4.875, 8.25, 5, 8.5],
					"texture": "#1"
				},
				"east": {
					"uv": [8.25, 4.875, 8.375, 5.125],
					"texture": "#1"
				},
				"south": {
					"uv": [5, 8.25, 5.125, 8.5],
					"texture": "#1"
				},
				"west": {
					"uv": [5.125, 8.25, 5.25, 8.5],
					"texture": "#1"
				},
				"up": {
					"uv": [5.75, 8.375, 5.625, 8.25],
					"texture": "#1"
				},
				"down": {
					"uv": [8.375, 5.625, 8.25, 5.75],
					"texture": "#1"
				}
			}
		}
	]
}