{
	"textures": {
		"1": "block_enchantments:custom/crafting_table/omnidroid_full",
		"particle": "minecraft:item/pufferfish"
	},
	"display": {
		"head": {
			"rotation": [0, 180, 0]
		}
	},
	"elements": [
		{
			"from": [6.75, 6.5, 6.5],
			"to": [8, 9.5, 9.5],
			"rotation": {
				"angle": 0,
				"axis": "y",
				"origin": [11, 6, 7]
			},
			"faces": {
				"north": {
					"uv": [8.125, 7.25, 8.25, 7.625],
					"texture": "#1"
				},
				"east": {
					"uv": [3.875, 7.75, 4.25, 8.125],
					"texture": "#1"
				},
				"south": {
					"uv": [8.25, 3.25, 8.375, 3.625],
					"texture": "#1"
				},
				"west": {
					"uv": [7.75, 4, 8.125, 4.375],
					"texture": "#1"
				},
				"up": {
					"uv": [3.375, 8.25, 3.5, 8.625],
					"texture": "#1"
				},
				"down": {
					"uv": [3.5, 8.25, 3.625, 8.625],
					"texture": "#1"
				}
			}
		}
	]
}