{
	"textures": {
		"1": "block_enchantments:custom/crafting_table/omnidroid_full",
		"particle": "minecraft:item/pufferfish"
	},
	"display": {
		"head": {
			"rotation": [0, 180, 0]
		}
	},
	"elements": [
		{
			"from": [7, 7.75, 7.5],
			"to": [7.95, 11.5, 8.45],
			"rotation": {
				"angle": 0,
				"axis": "y",
				"origin": [7, 7.5, 8]
			},
			"faces": {
				"north": {
					"uv": [3.75, 7.875, 3.875, 8.375],
					"texture": "#1"
				},
				"east": {
					"uv": [7.625, 8, 7.75, 8.5],
					"texture": "#1"
				},
				"south": {
					"uv": [8.125, 3.25, 8.25, 3.75],
					"texture": "#1"
				},
				"west": {
					"uv": [8.125, 3.75, 8.25, 4.25],
					"texture": "#1"
				},
				"up": {
					"uv": [5.5, 2.875, 5.625, 3],
					"texture": "#1"
				},
				"down": {
					"uv": [5.625, 2.875, 5.75, 3],
					"texture": "#1"
				}
			}
		},
		{
			"from": [7, 11.5, 7.75],
			"to": [7.95, 13, 8.2],
			"rotation": {
				"angle": 22.5,
				"axis": "z",
				"origin": [8, 11.5, 8]
			},
			"faces": {
				"north": {
					"uv": [3.875, 7.5, 4, 7.75],
					"texture": "#1"
				},
				"east": {
					"uv": [3.625, 8.25, 3.75, 8.5],
					"texture": "#1"
				},
				"south": {
					"uv": [8.25, 3.625, 8.375, 3.875],
					"texture": "#1"
				},
				"west": {
					"uv": [8.25, 3.875, 8.375, 4.125],
					"texture": "#1"
				},
				"up": {
					"uv": [5.75, 2.875, 5.875, 3],
					"texture": "#1"
				},
				"down": {
					"uv": [5.875, 2.875, 6, 3],
					"texture": "#1"
				}
			}
		}
	]
}