{
	"textures": {
		"1": "block_enchantments:custom/crafting_table/omnidroid_full",
		"particle": "minecraft:item/pufferfish"
	},
	"display": {
		"head": {
			"rotation": [0, 180, 0]
		}
	},
	"elements": [
		{
			"from": [7, 7.75, 7.5],
			"to": [7.95, 11.5, 8.45],
			"rotation": {
				"angle": 0,
				"axis": "y",
				"origin": [7, 8, 8]
			},
			"faces": {
				"north": {
					"uv": [2.875, 8.25, 3, 8.75],
					"texture": "#1"
				},
				"east": {
					"uv": [3, 8.25, 3.125, 8.75],
					"texture": "#1"
				},
				"south": {
					"uv": [3.125, 8.25, 3.25, 8.75],
					"texture": "#1"
				},
				"west": {
					"uv": [3.25, 8.25, 3.375, 8.75],
					"texture": "#1"
				},
				"up": {
					"uv": [5.75, 8.25, 5.875, 8.375],
					"texture": "#1"
				},
				"down": {
					"uv": [8.25, 5.75, 8.375, 5.875],
					"texture": "#1"
				}
			}
		},
		{
			"from": [7, 11.5, 7.75],
			"to": [7.95, 13, 8.2],
			"rotation": {
				"angle": 22.5,
				"axis": "z",
				"origin": [8, 11.5, 8]
			},
			"faces": {
				"north": {
					"uv": [8.25, 5.125, 8.375, 5.375],
					"texture": "#1"
				},
				"east": {
					"uv": [5.25, 8.25, 5.375, 8.5],
					"texture": "#1"
				},
				"south": {
					"uv": [5.375, 8.25, 5.5, 8.5],
					"texture": "#1"
				},
				"west": {
					"uv": [8.25, 5.375, 8.375, 5.625],
					"texture": "#1"
				},
				"up": {
					"uv": [5.875, 8.25, 6, 8.375],
					"texture": "#1"
				},
				"down": {
					"uv": [8.25, 5.875, 8.375, 6],
					"texture": "#1"
				}
			}
		}
	]
}