{
	"textures": {
		"1": "block_enchantments:custom/crafting_table/omnidroid_full",
		"particle": "minecraft:item/pufferfish"
	},
	"display": {
		"head": {
			"rotation": [0, 180, 0]
		}
	},
	"elements": [
		{
			"from": [6, 6, 6],
			"to": [8, 10, 10],
			"rotation": {
				"angle": 0,
				"axis": "y",
				"origin": [8, 6, 7]
			},
			"faces": {
				"north": {
					"uv": [6, 7.75, 6.25, 8.25],
					"texture": "#1"
				},
				"east": {
					"uv": [5.5, 7.25, 6, 7.75],
					"texture": "#1"
				},
				"south": {
					"uv": [6.25, 7.75, 6.5, 8.25],
					"texture": "#1"
				},
				"west": {
					"uv": [7.25, 5.75, 7.75, 6.25],
					"texture": "#1"
				},
				"up": {
					"uv": [6.5, 7.75, 6.75, 8.25],
					"texture": "#1"
				},
				"down": {
					"uv": [6.75, 7.75, 7, 8.25],
					"texture": "#1"
				}
			}
		},
		{
			"from": [3, 6.25, 6.25],
			"to": [5, 9.75, 9.75],
			"rotation": {
				"angle": 0,
				"axis": "y",
				"origin": [5, 6, 7]
			},
			"faces": {
				"north": {
					"uv": [7.75, 7.625, 8, 8.125],
					"texture": "#1"
				},
				"east": {
					"uv": [6, 7.25, 6.5, 7.75],
					"texture": "#1"
				},
				"south": {
					"uv": [0, 7.875, 0.25, 8.375],
					"texture": "#1"
				},
				"west": {
					"uv": [6.5, 7.25, 7, 7.75],
					"texture": "#1"
				},
				"up": {
					"uv": [0.25, 7.875, 0.5, 8.375],
					"texture": "#1"
				},
				"down": {
					"uv": [0.5, 7.875, 0.75, 8.375],
					"texture": "#1"
				}
			}
		},
		{
			"from": [5, 6.5, 6.5],
			"to": [7, 9.5, 9.5],
			"rotation": {
				"angle": 0,
				"axis": "y",
				"origin": [5, 6, 7]
			},
			"faces": {
				"north": {
					"uv": [3, 7.875, 3.25, 8.25],
					"texture": "#1"
				},
				"east": {
					"uv": [3.125, 7.5, 3.5, 7.875],
					"texture": "#1"
				},
				"south": {
					"uv": [3.25, 7.875, 3.5, 8.25],
					"texture": "#1"
				},
				"west": {
					"uv": [7.5, 3.25, 7.875, 3.625],
					"texture": "#1"
				},
				"up": {
					"uv": [7.875, 3.25, 8.125, 3.625],
					"texture": "#1"
				},
				"down": {
					"uv": [3.5, 7.875, 3.75, 8.25],
					"texture": "#1"
				}
			}
		},
		{
			"from": [1, 6.75, 6.75],
			"to": [3, 9.25, 9.25],
			"rotation": {
				"angle": 0,
				"axis": "y",
				"origin": [2, 6, 7]
			},
			"faces": {
				"north": {
					"uv": [7.875, 6.875, 8.125, 7.25],
					"texture": "#1"
				},
				"east": {
					"uv": [3.5, 7.5, 3.875, 7.875],
					"texture": "#1"
				},
				"south": {
					"uv": [7, 7.875, 7.25, 8.25],
					"texture": "#1"
				},
				"west": {
					"uv": [7.5, 6.875, 7.875, 7.25],
					"texture": "#1"
				},
				"up": {
					"uv": [7.875, 7.25, 8.125, 7.625],
					"texture": "#1"
				},
				"down": {
					"uv": [1, 8, 1.25, 8.375],
					"texture": "#1"
				}
			}
		}
	]
}