{
	"textures": {
		"1": "block_enchantments:custom/crafting_table/omnidroid_full",
		"particle": "minecraft:item/pufferfish"
	},
	"display": {
		"head": {
			"rotation": [0, 180, 0]
		}
	},
	"elements": [
		{
			"from": [6, 6.25, 6.25],
			"to": [8, 9.75, 9.75],
			"rotation": {
				"angle": 0,
				"axis": "y",
				"origin": [8, 6, 7]
			},
			"faces": {
				"north": {
					"uv": [0.75, 7.875, 1, 8.375],
					"texture": "#1"
				},
				"east": {
					"uv": [0, 7.375, 0.5, 7.875],
					"texture": "#1"
				},
				"south": {
					"uv": [7.875, 1, 8.125, 1.5],
					"texture": "#1"
				},
				"west": {
					"uv": [0.5, 7.375, 1, 7.875],
					"texture": "#1"
				},
				"up": {
					"uv": [7.875, 1.5, 8.125, 2],
					"texture": "#1"
				},
				"down": {
					"uv": [7.875, 2, 8.125, 2.5],
					"texture": "#1"
				}
			}
		},
		{
			"from": [4.25, 6.75, 6.75],
			"to": [6, 9.25, 9.25],
			"rotation": {
				"angle": 0,
				"axis": "y",
				"origin": [5, 6, 7]
			},
			"faces": {
				"north": {
					"uv": [1.25, 8, 1.5, 8.375],
					"texture": "#1"
				},
				"east": {
					"uv": [7, 7.5, 7.375, 7.875],
					"texture": "#1"
				},
				"south": {
					"uv": [1.5, 8, 1.75, 8.375],
					"texture": "#1"
				},
				"west": {
					"uv": [7.5, 7.25, 7.875, 7.625],
					"texture": "#1"
				},
				"up": {
					"uv": [8, 2.875, 8.25, 3.25],
					"texture": "#1"
				},
				"down": {
					"uv": [4.25, 8, 4.5, 8.375],
					"texture": "#1"
				}
			}
		},
		{
			"from": [3, 6.5, 6.5],
			"to": [5, 9.5, 9.5],
			"rotation": {
				"angle": 0,
				"axis": "y",
				"origin": [6, 6, 7]
			},
			"faces": {
				"north": {
					"uv": [4.5, 8, 4.75, 8.375],
					"texture": "#1"
				},
				"east": {
					"uv": [1, 7.625, 1.375, 8],
					"texture": "#1"
				},
				"south": {
					"uv": [8, 4.875, 8.25, 5.25],
					"texture": "#1"
				},
				"west": {
					"uv": [1.375, 7.625, 1.75, 8],
					"texture": "#1"
				},
				"up": {
					"uv": [8, 5.25, 8.25, 5.625],
					"texture": "#1"
				},
				"down": {
					"uv": [8, 5.625, 8.25, 6],
					"texture": "#1"
				}
			}
		}
	]
}