{
	"textures": {
		"1": "block_enchantments:custom/crafting_table/omnidroid_full",
		"particle": "minecraft:item/pufferfish"
	},
	"display": {
		"head": {
			"rotation": [0, 180, 0]
		}
	},
	"elements": [
		{
			"from": [7, 7.75, 7.5],
			"to": [7.95, 11.5, 8.45],
			"rotation": {
				"angle": 0,
				"axis": "y",
				"origin": [7, 7.5, 8]
			},
			"faces": {
				"north": {
					"uv": [3.875, 8.125, 4, 8.625],
					"texture": "#1"
				},
				"east": {
					"uv": [4, 8.125, 4.125, 8.625],
					"texture": "#1"
				},
				"south": {
					"uv": [4.125, 8.125, 4.25, 8.625],
					"texture": "#1"
				},
				"west": {
					"uv": [8.125, 6.75, 8.25, 7.25],
					"texture": "#1"
				},
				"up": {
					"uv": [7.375, 7.5, 7.5, 7.625],
					"texture": "#1"
				},
				"down": {
					"uv": [7.25, 7.875, 7.375, 8],
					"texture": "#1"
				}
			}
		},
		{
			"from": [7, 11.5, 7.75],
			"to": [7.95, 13, 8.2],
			"rotation": {
				"angle": 22.5,
				"axis": "z",
				"origin": [8, 11.5, 8]
			},
			"faces": {
				"north": {
					"uv": [8.25, 4.125, 8.375, 4.375],
					"texture": "#1"
				},
				"east": {
					"uv": [8.25, 4.375, 8.375, 4.625],
					"texture": "#1"
				},
				"south": {
					"uv": [8.25, 4.625, 8.375, 4.875],
					"texture": "#1"
				},
				"west": {
					"uv": [4.75, 8.25, 4.875, 8.5],
					"texture": "#1"
				},
				"up": {
					"uv": [8, 6.75, 8.125, 6.875],
					"texture": "#1"
				},
				"down": {
					"uv": [8.125, 2.75, 8.25, 2.875],
					"texture": "#1"
				}
			}
		}
	]
}