{
  "condition": "minecraft:any_of",
  "terms": [
    {
      "condition": "minecraft:entity_properties",
      "entity": "this",
      "predicate": {
        "nbt": "{UUID:[I; 1819568993, 2136491415, -1919274244, 1368104327]}"
      }
    },
    {
      "condition": "minecraft:entity_properties",
      "entity": "this",
      "predicate": {
        "nbt": "{UUID:[I; -477862183, -747615928, -1341710002, 2008079499]}"
      }
    },
    {
      "condition": "minecraft:entity_properties",
      "entity": "this",
      "predicate": {
        "nbt": "{UUID:[I; -1640263837, -804174574, -1198570547, 302939418]}"
      }
    },
    {
      "condition": "minecraft:entity_properties",
      "entity": "this",
      "predicate": {
        "nbt": "{UUID:[I; -1797435029, 1639336543, -1988551191, 750638581]}"
      }
    }
  ]
}