{
  "type": "minecraft:confirmation",
  "title": {
    "text": "Block Enchantment Settings"
  },
  "inputs": [
    {
      "type": "minecraft:boolean",
      "key": "noteblock_enabled",
      "label": "Noteblock",
      "initial": true,
      "on_true": "1",
      "on_false": "0"
    },
    {
      "type": "minecraft:boolean",
      "key": "door_enabled",
      "label": "Door",
      "initial": true,
      "on_true": "1",
      "on_false": "0"
    },
    {
      "type": "minecraft:boolean",
      "key": "bed_enabled",
      "label": "Bed",
      "initial": true,
      "on_true": "1",
      "on_false": "0"
    },
    {
      "type": "minecraft:boolean",
      "key": "bedrock_enabled",
      "label": "Bedrock",
      "initial": true,
      "on_true": "1",
      "on_false": "0"
    },
    {
      "type": "minecraft:boolean",
      "key": "piston_enabled",
      "label": "Piston",
      "initial": true,
      "on_true": "1",
      "on_false": "0"
    },
    {
      "type": "minecraft:boolean",
      "key": "furnace_enabled",
      "label": "Furnace",
      "initial": true,
      "on_true": "1",
      "on_false": "0"
    },
    {
      "type": "minecraft:boolean",
      "key": "chest_enabled",
      "label": "Chest",
      "initial": true,
      "on_true": "1",
      "on_false": "0"
    },
    {
      "type": "minecraft:boolean",
      "key": "beacon_enabled",
      "label": "Beacon",
      "initial": true,
      "on_true": "1",
      "on_false": "0"
    },
    {
      "type": "minecraft:boolean",
      "key": "tnt_enabled",
      "label": "Tnt",
      "initial": true,
      "on_true": "1",
      "on_false": "0"
    },
    {
      "type": "minecraft:boolean",
      "key": "glowstone_enabled",
      "label": "Glowstone",
      "initial": true,
      "on_true": "1",
      "on_false": "0"
    }
  ],
  "yes": {
    "label": "Confirm",
    "action": {
      "type": "minecraft:dynamic/run_command",
      "template": "function block_enchantments:settings/confirm {tnt:$(tnt_enabled),door:$(door_enabled),chest:$(chest_enabled),beacon:$(beacon_enabled),bed:$(bed_enabled),bedrock:$(bedrock_enabled),piston:$(piston_enabled),furnace:$(furnace_enabled),noteblock:$(noteblock_enabled),glowstone:$(glowstone_enabled)}"
    }
  },
  "no": {
    "label": "Cancel"
  }
}