{
	"textures": {
		"0": "block_enchantments:custom/bed/monster_head",
		"particle": "minecraft:item/pufferfish"
	},
	"display": {
		"head": {
			"rotation": [0, 180, 0]
		}
	},
	"elements": [
		{
			"from": [0, 5, -1],
			"to": [16, 17, 15],
			"rotation": {
				"angle": 0,
				"axis": "y",
				"origin": [0, 5, -1]
			},
			"faces": {
				"north": {
					"uv": [4, 0, 8, 3],
					"texture": "#0"
				},
				"east": {
					"uv": [4, 3, 8, 6],
					"texture": "#0"
				},
				"south": {
					"uv": [4, 6, 8, 9],
					"texture": "#0"
				},
				"west": {
					"uv": [0, 8, 4, 11],
					"texture": "#0"
				},
				"up": {
					"uv": [4, 4, 0, 0],
					"texture": "#0"
				},
				"down": {
					"uv": [4, 4, 0, 8],
					"texture": "#0"
				}
			}
		}
	]
}