{
	"textures": {
		"0": "block_enchantments:custom/bed/monster_head",
		"particle": "minecraft:item/pufferfish"
	},
	"display": {
		"head": {
			"rotation": [0, 180, 0]
		}
	},
	"elements": [
		{
			"from": [2, 4, -2.73205],
			"to": [14, 10, 11.26795],
			"rotation": {
				"angle": 0,
				"axis": "y",
				"origin": [8, 3, 8]
			},
			"faces": {
				"north": {
					"uv": [4, 9, 7, 10.5],
					"texture": "#0"
				},
				"east": {
					"uv": [8, 7, 11.5, 8.5],
					"texture": "#0"
				},
				"south": {
					"uv": [7, 10, 10, 11.5],
					"texture": "#0"
				},
				"west": {
					"uv": [8, 8.5, 11.5, 10],
					"texture": "#0"
				},
				"up": {
					"uv": [11, 3.5, 8, 0],
					"texture": "#0"
				},
				"down": {
					"uv": [11, 3.5, 8, 7],
					"texture": "#0"
				}
			}
		}
	]
}